C014 - NN121,Unnamed: 1,Unnamed: 2,Unnamed: 3,Unnamed: 4,Unnamed: 5,Unnamed: 6,Unnamed: 7,Unnamed: 8,Unnamed: 9,Unnamed: 10,Unnamed: 11,Unnamed: 12,Unnamed: 13,Unnamed: 14,Unnamed: 15,Unnamed: 16,Unnamed: 17
,,,,,,,,,,,,,,,,,
,,,,,,C-RT1-,RD1 index (cell index),"Illumina index
Index number","Illumina index
Index sequence",,Indexing,,,,,,
Plate#,Well position,Sample name,Strain,Embryo / Adult,Cell Type,Primer name,"index sequence 
(as in C-RT1-primer)",(separate index read),(separate index read),RT1 index primer sequences,<B695/40-A>: 7AAD,<R660/20-A>: c.Kit APC,<R730/45-A>: Lineage A700,<R780/60-A>: CD48 APC-Cy7,<Y582/15-A>: Flt3 PE,<Y780/60-A>: Sca-1 PE-Cy7,<V450/50-A>: CD150 BV421
P136,A1,HPR - empty,,,,,,,,,,,,,,,
P136,A2,HPR - empty,,,,,,,,,,,,,,,
P136,A3,single cell,WT,e 14 Embryo,MPP4,RT1-99,GGTCTATG,RPI9,GATCAG,CGATTGAGGCCGGTAATACGACTCACTATAGGGGTTCAGAGTTCTACAGTCCGACGATCNNNNNNGGTCTATGTTTTTTTTTTTTTTTTTTTTTTTTV,-110.491737,31238.5957,287.316528,13339.6396,9507.20312,7763.23389,97.1381073
P136,A4,single cell,WT,e 14 Embryo,MPP4,RT1-100,GTCCGAAT,RPI9,GATCAG,CGATTGAGGCCGGTAATACGACTCACTATAGGGGTTCAGAGTTCTACAGTCCGACGATCNNNNNNGTCCGAATTTTTTTTTTTTTTTTTTTTTTTTTV,-110.523193,10117.8594,452.294159,5865.61816,12586.2578,10103.0283,140.646515
P136,A5,single cell,WT,e 14 Embryo,MPP4,RT1-101,TAGTGCGT,RPI9,GATCAG,CGATTGAGGCCGGTAATACGACTCACTATAGGGGTTCAGAGTTCTACAGTCCGACGATCNNNNNNTAGTGCGTTTTTTTTTTTTTTTTTTTTTTTTTV,-110.445984,10388.917,535.810242,8077.87793,9026.65918,10632.873,311.337341
P136,A6,single cell,WT,e 14 Embryo,MPP4,RT1-102,GACTGTAC,RPI9,GATCAG,CGATTGAGGCCGGTAATACGACTCACTATAGGGGTTCAGAGTTCTACAGTCCGACGATCNNNNNNGACTGTACTTTTTTTTTTTTTTTTTTTTTTTTV,136.877121,9731.96484,123.6903,6738.00293,8498.1582,5766.36865,174.666641
P136,A7,single cell,WT,e 14 Embryo,MPP4,RT1-103,TCCAGTAG,RPI9,GATCAG,CGATTGAGGCCGGTAATACGACTCACTATAGGGGTTCAGAGTTCTACAGTCCGACGATCNNNNNNTCCAGTAGTTTTTTTTTTTTTTTTTTTTTTTTV,-110.422234,10240.3223,374.476654,9649.34863,1719.84363,1558.95129,234.277527
P136,A8,single cell,WT,e 14 Embryo,MPP4,RT1-104,AGCGTTGT,RPI9,GATCAG,CGATTGAGGCCGGTAATACGACTCACTATAGGGGTTCAGAGTTCTACAGTCCGACGATCNNNNNNAGCGTTGTTTTTTTTTTTTTTTTTTTTTTTTTV,-110.536537,8819.12207,317.227753,11691.5859,9388.35938,4591.57031,178.382401
P136,A9,single cell,WT,e 14 Embryo,MPP4,RT1-105,GATGCGTT,RPI9,GATCAG,CGATTGAGGCCGGTAATACGACTCACTATAGGGGTTCAGAGTTCTACAGTCCGACGATCNNNNNNGATGCGTTTTTTTTTTTTTTTTTTTTTTTTTTV,-110.522903,11240.6816,477.667877,8235.36621,3435.76123,2003.32886,299.524323
P136,A10,single cell,WT,e 14 Embryo,MPP4,RT1-106,CCGTTAAG,RPI9,GATCAG,CGATTGAGGCCGGTAATACGACTCACTATAGGGGTTCAGAGTTCTACAGTCCGACGATCNNNNNNCCGTTAAGTTTTTTTTTTTTTTTTTTTTTTTTV,-28.3612175,17461.9707,398.187012,7816.01172,4074.48779,7549.76855,53.9926682
P136,A11,single cell,WT,e 14 Embryo,MPP4,RT1-107,CAAGCCAT,RPI9,GATCAG,CGATTGAGGCCGGTAATACGACTCACTATAGGGGTTCAGAGTTCTACAGTCCGACGATCNNNNNNCAAGCCATTTTTTTTTTTTTTTTTTTTTTTTTV,895.32251,19268.457,69.0453339,17027.2402,2080.51123,1914.97974,258.489716
P136,A12,single cell,WT,e 14 Embryo,MPP4,RT1-108,CTCCAAGA,RPI9,GATCAG,CGATTGAGGCCGGTAATACGACTCACTATAGGGGTTCAGAGTTCTACAGTCCGACGATCNNNNNNCTCCAAGATTTTTTTTTTTTTTTTTTTTTTTTV,185.541748,13599.5088,-93.6334534,12296.6807,1867.65735,4629.58057,528.446167
P136,A13,single cell,WT,e 14 Embryo,MPP4,RT1-109,CTGCGTAA,RPI9,GATCAG,CGATTGAGGCCGGTAATACGACTCACTATAGGGGTTCAGAGTTCTACAGTCCGACGATCNNNNNNCTGCGTAATTTTTTTTTTTTTTTTTTTTTTTTV,-52.9175186,18242.6348,-110.518501,11769.334,10367.5654,12194.4199,239.996872
P136,A14,single cell,WT,e 14 Embryo,MPP4,RT1-110,GTCCAACA,RPI9,GATCAG,CGATTGAGGCCGGTAATACGACTCACTATAGGGGTTCAGAGTTCTACAGTCCGACGATCNNNNNNGTCCAACATTTTTTTTTTTTTTTTTTTTTTTTV,556.099426,14575.6963,515.723022,9080.17383,14864.5781,1618.65564,376.089661
P136,A15,single cell,WT,e 14 Embryo,MPP4,RT1-111,ACTTGTGG,RPI9,GATCAG,CGATTGAGGCCGGTAATACGACTCACTATAGGGGTTCAGAGTTCTACAGTCCGACGATCNNNNNNACTTGTGGTTTTTTTTTTTTTTTTTTTTTTTTV,495.037292,18267.9219,10.4700842,9308.71973,1700.30371,1919.98206,197.22554
P136,A16,single cell,WT,e 14 Embryo,MPP4,RT1-112,AGCTCTGA,RPI9,GATCAG,CGATTGAGGCCGGTAATACGACTCACTATAGGGGTTCAGAGTTCTACAGTCCGACGATCNNNNNNAGCTCTGATTTTTTTTTTTTTTTTTTTTTTTTV,-110.417099,19455.1289,225.771622,8015.62744,14390.5469,12140.4893,287.66095
P136,A17,single cell,WT,e 14 Embryo,MPP4,RT1-113,GCATTAGC,RPI9,GATCAG,CGATTGAGGCCGGTAATACGACTCACTATAGGGGTTCAGAGTTCTACAGTCCGACGATCNNNNNNGCATTAGCTTTTTTTTTTTTTTTTTTTTTTTTV,-52.1288719,7953.03125,252.967697,4242.41602,8110.67578,1267.1333,173.699463
P136,A18,single cell,WT,e 14 Embryo,MPP4,RT1-114,CCTATGAG,RPI9,GATCAG,CGATTGAGGCCGGTAATACGACTCACTATAGGGGTTCAGAGTTCTACAGTCCGACGATCNNNNNNCCTATGAGTTTTTTTTTTTTTTTTTTTTTTTTV,498.08429,10405.2471,210.944778,8104.04492,15564.7646,7519.89014,510.011688
P136,A19,single cell,WT,e 14 Embryo,MPP4,RT1-115,CAACGCTA,RPI9,GATCAG,CGATTGAGGCCGGTAATACGACTCACTATAGGGGTTCAGAGTTCTACAGTCCGACGATCNNNNNNCAACGCTATTTTTTTTTTTTTTTTTTTTTTTTV,-110.529572,21192.9805,101.131157,12317.9326,6592.0625,6009.30859,714.829102
P136,A20,single cell,WT,e 14 Embryo,MPP4,RT1-116,GCATAGTC,RPI9,GATCAG,CGATTGAGGCCGGTAATACGACTCACTATAGGGGTTCAGAGTTCTACAGTCCGACGATCNNNNNNGCATAGTCTTTTTTTTTTTTTTTTTTTTTTTTV,658.737976,16820.6406,415.646515,8422.93945,23902.8672,1356.77173,399.190887
P136,A21,single cell,WT,e 14 Embryo,MPP4,RT1-117,TAGGTCAC,RPI9,GATCAG,CGATTGAGGCCGGTAATACGACTCACTATAGGGGTTCAGAGTTCTACAGTCCGACGATCNNNNNNTAGGTCACTTTTTTTTTTTTTTTTTTTTTTTTV,-78.6883011,14373.2197,471.830078,8456.63281,11179.2861,37125.3555,638.188171
P136,A22,single cell,WT,e 14 Embryo,MPP4,RT1-118,ACTCAAGC,RPI9,GATCAG,CGATTGAGGCCGGTAATACGACTCACTATAGGGGTTCAGAGTTCTACAGTCCGACGATCNNNNNNACTCAAGCTTTTTTTTTTTTTTTTTTTTTTTTV,1141.77441,8717.72168,240.78653,10553.7627,9038.06738,8322.45605,328.079681
P136,A23,HPR - empty,,,,,,,,,,,,,,,
P136,A24,HPR - empty,,,,,,,,,,,,,,,
P136,B1,single cell,WT,e 14 Embryo,MPP4,RT1-121,GACTACTG,RPI9,GATCAG,CGATTGAGGCCGGTAATACGACTCACTATAGGGGTTCAGAGTTCTACAGTCCGACGATCNNNNNNGACTACTGTTTTTTTTTTTTTTTTTTTTTTTTV,1106.14929,17453.7949,-12.2655706,7908.41455,7794.10449,7156.8457,318.829041
P136,B2,single cell,WT,e 14 Embryo,MPP4,RT1-122,AGTCTTGG,RPI9,GATCAG,CGATTGAGGCCGGTAATACGACTCACTATAGGGGTTCAGAGTTCTACAGTCCGACGATCNNNNNNAGTCTTGGTTTTTTTTTTTTTTTTTTTTTTTTV,-110.423767,22610.3184,66.4789505,13817.0625,1802.12781,1339.42358,9.23405647
P136,B3,single cell,WT,e 14 Embryo,MPP4,RT1-123,AGCAGCTT,RPI9,GATCAG,CGATTGAGGCCGGTAATACGACTCACTATAGGGGTTCAGAGTTCTACAGTCCGACGATCNNNNNNAGCAGCTTTTTTTTTTTTTTTTTTTTTTTTTTV,-51.877079,10988.0264,214.131775,5769.05713,8608.93945,5233.20605,122.89566
P136,B4,single cell,WT,e 14 Embryo,MPP4,RT1-124,TCACAGAC,RPI9,GATCAG,CGATTGAGGCCGGTAATACGACTCACTATAGGGGTTCAGAGTTCTACAGTCCGACGATCNNNNNNTCACAGACTTTTTTTTTTTTTTTTTTTTTTTTV,105.050529,24622.0234,167.304611,15316.0527,9436.04883,13432.6582,326.086273
P136,B5,single cell,WT,e 14 Embryo,MPP4,RT1-125,CCTGTAAG,RPI9,GATCAG,CGATTGAGGCCGGTAATACGACTCACTATAGGGGTTCAGAGTTCTACAGTCCGACGATCNNNNNNCCTGTAAGTTTTTTTTTTTTTTTTTTTTTTTTV,1075.55359,20690.959,-110.589401,5426.88477,1823.60107,1284.14954,335.908173
P136,B6,single cell,WT,e 14 Embryo,MPP4,RT1-126,ATGACTGC,RPI9,GATCAG,CGATTGAGGCCGGTAATACGACTCACTATAGGGGTTCAGAGTTCTACAGTCCGACGATCNNNNNNATGACTGCTTTTTTTTTTTTTTTTTTTTTTTTV,421.305573,14663.4434,417.393799,10731.4482,5453.5293,2026.96008,264.460968
P136,B7,single cell,WT,e 14 Embryo,MPP4,RT1-127,CTCTCCTT,RPI9,GATCAG,CGATTGAGGCCGGTAATACGACTCACTATAGGGGTTCAGAGTTCTACAGTCCGACGATCNNNNNNCTCTCCTTTTTTTTTTTTTTTTTTTTTTTTTTV,345.705658,15733.0391,164.670654,9604.8623,6798.08545,3593.64062,163.614594
P136,B8,single cell,WT,e 14 Embryo,MPP4,RT1-128,CGTGTCAA,RPI9,GATCAG,CGATTGAGGCCGGTAATACGACTCACTATAGGGGTTCAGAGTTCTACAGTCCGACGATCNNNNNNCGTGTCAATTTTTTTTTTTTTTTTTTTTTTTTV,562.147766,15941.4268,186.40921,11810.2646,2058.22534,1619.0376,148.482132
P136,B9,single cell,WT,e 14 Embryo,MPP4,RT1-129,GCCTTAAG,RPI9,GATCAG,CGATTGAGGCCGGTAATACGACTCACTATAGGGGTTCAGAGTTCTACAGTCCGACGATCNNNNNNGCCTTAAGTTTTTTTTTTTTTTTTTTTTTTTTV,333.830109,19493.3516,-110.551132,11278.3828,5870.83398,1411.04138,47.7334023
P136,B10,single cell,WT,e 14 Embryo,MPP4,RT1-130,GCACGTAT,RPI9,GATCAG,CGATTGAGGCCGGTAATACGACTCACTATAGGGGTTCAGAGTTCTACAGTCCGACGATCNNNNNNGCACGTATTTTTTTTTTTTTTTTTTTTTTTTTV,746.527649,7026.55176,224.160507,6762.65039,2232.87988,1516.06335,230.504776
P136,B11,single cell,WT,e 14 Embryo,MPP4,RT1-131,CAACGTAC,RPI9,GATCAG,CGATTGAGGCCGGTAATACGACTCACTATAGGGGTTCAGAGTTCTACAGTCCGACGATCNNNNNNCAACGTACTTTTTTTTTTTTTTTTTTTTTTTTV,-110.520042,25427.916,-65.5680313,14638.6807,3411.36304,4166.63672,404.941864
P136,B12,single cell,WT,e 14 Embryo,MPP4,RT1-132,GCGTACAT,RPI9,GATCAG,CGATTGAGGCCGGTAATACGACTCACTATAGGGGTTCAGAGTTCTACAGTCCGACGATCNNNNNNGCGTACATTTTTTTTTTTTTTTTTTTTTTTTTV,-110.433372,13978.1729,428.518005,11678.3916,10760.7656,1430.8689,441.800171
P136,B13,single cell,WT,e 14 Embryo,MPP4,RT1-133,TATCCAGG,RPI9,GATCAG,CGATTGAGGCCGGTAATACGACTCACTATAGGGGTTCAGAGTTCTACAGTCCGACGATCNNNNNNTATCCAGGTTTTTTTTTTTTTTTTTTTTTTTTV,-24.0730438,13154.2041,174.959305,17304.4902,2528.2478,14075.7529,216.195236
P136,B14,single cell,WT,e 14 Embryo,MPP4,RT1-134,CCGATATG,RPI9,GATCAG,CGATTGAGGCCGGTAATACGACTCACTATAGGGGTTCAGAGTTCTACAGTCCGACGATCNNNNNNCCGATATGTTTTTTTTTTTTTTTTTTTTTTTTV,-110.486092,14039.0684,-62.2888908,7957.86279,1712.16455,1194.36023,94.4390259
P136,B15,single cell,WT,e 14 Embryo,MPP4,RT1-135,GTGTTAGC,RPI9,GATCAG,CGATTGAGGCCGGTAATACGACTCACTATAGGGGTTCAGAGTTCTACAGTCCGACGATCNNNNNNGTGTTAGCTTTTTTTTTTTTTTTTTTTTTTTTV,526.89624,17496.3242,142.84111,10900.1143,6678.36719,13255.5225,225.307648
P136,B16,single cell,WT,e 14 Embryo,MPP4,RT1-136,GTGGTTGT,RPI9,GATCAG,CGATTGAGGCCGGTAATACGACTCACTATAGGGGTTCAGAGTTCTACAGTCCGACGATCNNNNNNGTGGTTGTTTTTTTTTTTTTTTTTTTTTTTTTV,40.9125862,18488.4863,217.192642,4945.67627,2249.87207,5028.18799,424.215393
P136,B17,single cell,WT,e 14 Embryo,MPP4,RT1-137,GTTGCTGA,RPI9,GATCAG,CGATTGAGGCCGGTAATACGACTCACTATAGGGGTTCAGAGTTCTACAGTCCGACGATCNNNNNNGTTGCTGATTTTTTTTTTTTTTTTTTTTTTTTV,727.689514,17723.1641,369.085602,14201.8262,9210.46777,2137.80273,342.959259
P136,B18,single cell,WT,e 14 Embryo,MPP4,RT1-138,CCTGGATA,RPI9,GATCAG,CGATTGAGGCCGGTAATACGACTCACTATAGGGGTTCAGAGTTCTACAGTCCGACGATCNNNNNNCCTGGATATTTTTTTTTTTTTTTTTTTTTTTTV,360.108093,15792.6738,40.9356194,10747.8828,4155.84229,1485.86438,329.336731
P136,B19,single cell,WT,e 14 Embryo,MPP4,RT1-139,ACCGACAT,RPI9,GATCAG,CGATTGAGGCCGGTAATACGACTCACTATAGGGGTTCAGAGTTCTACAGTCCGACGATCNNNNNNACCGACATTTTTTTTTTTTTTTTTTTTTTTTTV,247.165253,9006.8291,184.188797,4637.39111,6318.875,2257.02368,189.656174
P136,B20,single cell,WT,e 14 Embryo,MPP4,RT1-140,ATGCTGAC,RPI9,GATCAG,CGATTGAGGCCGGTAATACGACTCACTATAGGGGTTCAGAGTTCTACAGTCCGACGATCNNNNNNATGCTGACTTTTTTTTTTTTTTTTTTTTTTTTV,615.309692,24687.8867,214.870438,12174.2852,2229.96313,2050.78394,154.78241
P136,B21,single cell,WT,e 14 Embryo,MPP4,RT1-141,TACTGGCA,RPI9,GATCAG,CGATTGAGGCCGGTAATACGACTCACTATAGGGGTTCAGAGTTCTACAGTCCGACGATCNNNNNNTACTGGCATTTTTTTTTTTTTTTTTTTTTTTTV,1646.77075,12834.3027,330.803558,9425.95703,2312.24243,1620.95422,260.189667
P136,B22,single cell,WT,e 14 Embryo,MPP4,RT1-142,CAGTCATG,RPI9,GATCAG,CGATTGAGGCCGGTAATACGACTCACTATAGGGGTTCAGAGTTCTACAGTCCGACGATCNNNNNNCAGTCATGTTTTTTTTTTTTTTTTTTTTTTTTV,158.486877,15797.2148,318.819183,9919.44531,11768.3467,7850.47412,125.735764
P136,B23,single cell,WT,e 14 Embryo,MPP4,RT1-143,GTGATTCG,RPI9,GATCAG,CGATTGAGGCCGGTAATACGACTCACTATAGGGGTTCAGAGTTCTACAGTCCGACGATCNNNNNNGTGATTCGTTTTTTTTTTTTTTTTTTTTTTTTV,307.355225,18548.0527,434.760773,11617.377,5178.76953,2798.58716,607.104858
P136,B24,single cell,WT,e 14 Embryo,MPP4,RT1-144,CGCATGTA,RPI9,GATCAG,CGATTGAGGCCGGTAATACGACTCACTATAGGGGTTCAGAGTTCTACAGTCCGACGATCNNNNNNCGCATGTATTTTTTTTTTTTTTTTTTTTTTTTV,66.453392,18493.3574,193.82309,10957.3682,2504.39722,2118.86035,34.8046722
P136,C1,single cell,WT,e 14 Embryo,MPP4,RT1-145,AGTGTGCT,RPI9,GATCAG,CGATTGAGGCCGGTAATACGACTCACTATAGGGGTTCAGAGTTCTACAGTCCGACGATCNNNNNNAGTGTGCTTTTTTTTTTTTTTTTTTTTTTTTTV,966.912415,8170.7334,-77.2269897,6838.43701,11224.6035,2155.56641,450.683319
P136,C2,single cell,WT,e 14 Embryo,MPP4,RT1-146,TGTCGCAA,RPI9,GATCAG,CGATTGAGGCCGGTAATACGACTCACTATAGGGGTTCAGAGTTCTACAGTCCGACGATCNNNNNNTGTCGCAATTTTTTTTTTTTTTTTTTTTTTTTV,145.62468,12290.5137,224.268372,7236.00195,4407.89258,1378.24805,176.327026
P136,C3,single cell,WT,e 14 Embryo,MPP4,RT1-147,GGACTTAC,RPI9,GATCAG,CGATTGAGGCCGGTAATACGACTCACTATAGGGGTTCAGAGTTCTACAGTCCGACGATCNNNNNNGGACTTACTTTTTTTTTTTTTTTTTTTTTTTTV,374.388367,11654.4727,-110.469376,8233.61523,4707.88037,7607.70703,271.431793
P136,C4,single cell,WT,e 14 Embryo,MPP4,RT1-148,CTATCGGA,RPI9,GATCAG,CGATTGAGGCCGGTAATACGACTCACTATAGGGGTTCAGAGTTCTACAGTCCGACGATCNNNNNNCTATCGGATTTTTTTTTTTTTTTTTTTTTTTTV,396.352325,22381.7949,491.817566,14545.002,4711.2749,18036.0977,481.187317
P136,C5,single cell,WT,e 14 Embryo,MPP4,RT1-149,ACGCGTTA,RPI9,GATCAG,CGATTGAGGCCGGTAATACGACTCACTATAGGGGTTCAGAGTTCTACAGTCCGACGATCNNNNNNACGCGTTATTTTTTTTTTTTTTTTTTTTTTTTV,217.29866,6733.91943,-77.6851273,6069.40771,15155.7686,2066.82397,272.115601
P136,C6,single cell,WT,e 14 Embryo,MPP4,RT1-150,TACGCTGA,RPI9,GATCAG,CGATTGAGGCCGGTAATACGACTCACTATAGGGGTTCAGAGTTCTACAGTCCGACGATCNNNNNNTACGCTGATTTTTTTTTTTTTTTTTTTTTTTTV,-110.575989,5651.146,157.174011,7982.99854,17053.7363,2774.82593,452.34317
P136,C7,single cell,WT,e 14 Embryo,MPP4,RT1-151,ACTACACG,RPI9,GATCAG,CGATTGAGGCCGGTAATACGACTCACTATAGGGGTTCAGAGTTCTACAGTCCGACGATCNNNNNNACTACACGTTTTTTTTTTTTTTTTTTTTTTTTV,142.496948,10384.0068,352.497437,8102.75977,6363.93213,1456.78845,137.642975
P136,C8,single cell,WT,e 14 Embryo,MPP4,RT1-152,ATCACGAC,RPI9,GATCAG,CGATTGAGGCCGGTAATACGACTCACTATAGGGGTTCAGAGTTCTACAGTCCGACGATCNNNNNNATCACGACTTTTTTTTTTTTTTTTTTTTTTTTV,365.326477,18481.7988,291.007111,17333.2539,1887.95667,1585.96069,203.030624
P136,C9,single cell,WT,e 14 Embryo,MPP4,RT1-153,CATCAAGC,RPI9,GATCAG,CGATTGAGGCCGGTAATACGACTCACTATAGGGGTTCAGAGTTCTACAGTCCGACGATCNNNNNNCATCAAGCTTTTTTTTTTTTTTTTTTTTTTTTV,208.116867,17303.1289,132.450134,10996.4297,3980.46802,9163.80762,225.601395
P136,C10,single cell,WT,e 14 Embryo,MPP4,RT1-154,ACTGTTGG,RPI9,GATCAG,CGATTGAGGCCGGTAATACGACTCACTATAGGGGTTCAGAGTTCTACAGTCCGACGATCNNNNNNACTGTTGGTTTTTTTTTTTTTTTTTTTTTTTTV,-110.352501,32179.4082,521.870361,7890.75928,1862.45959,2184.104,80.8275375
P136,C11,single cell,WT,e 14 Embryo,MPP4,RT1-155,TCAGTGCA,RPI9,GATCAG,CGATTGAGGCCGGTAATACGACTCACTATAGGGGTTCAGAGTTCTACAGTCCGACGATCNNNNNNTCAGTGCATTTTTTTTTTTTTTTTTTTTTTTTV,-110.382782,19370.293,-89.3260193,5917.91113,5086.31494,5272.56689,86.2082901
P136,C12,single cell,WT,e 14 Embryo,MPP4,RT1-156,GCGATATC,RPI9,GATCAG,CGATTGAGGCCGGTAATACGACTCACTATAGGGGTTCAGAGTTCTACAGTCCGACGATCNNNNNNGCGATATCTTTTTTTTTTTTTTTTTTTTTTTTV,1881.20471,19143.4375,-110.529793,8686.44531,2241.39966,1286.09839,266.479645
P136,C13,single cell,WT,e 14 Embryo,MPP4,RT1-157,TGCGTAGT,RPI9,GATCAG,CGATTGAGGCCGGTAATACGACTCACTATAGGGGTTCAGAGTTCTACAGTCCGACGATCNNNNNNTGCGTAGTTTTTTTTTTTTTTTTTTTTTTTTTV,-30.0576553,24863.1289,541.560913,11950.416,2301.01001,2320.54663,473.154144
P136,C14,single cell,WT,e 14 Embryo,MPP4,RT1-158,GCTAGTGT,RPI9,GATCAG,CGATTGAGGCCGGTAATACGACTCACTATAGGGGTTCAGAGTTCTACAGTCCGACGATCNNNNNNGCTAGTGTTTTTTTTTTTTTTTTTTTTTTTTTV,-110.44371,16007.3711,489.888153,9369.94043,2724.92432,6678.96143,158.809891
P136,C15,single cell,WT,e 14 Embryo,MPP4,RT1-159,CTCACGAA,RPI9,GATCAG,CGATTGAGGCCGGTAATACGACTCACTATAGGGGTTCAGAGTTCTACAGTCCGACGATCNNNNNNCTCACGAATTTTTTTTTTTTTTTTTTTTTTTTV,-39.6368713,19783.8789,88.1544189,26026.9961,2446.31274,4367.37793,756.127075
P136,C16,single cell,WT,e 14 Embryo,MPP4,RT1-160,AGTCACGT,RPI9,GATCAG,CGATTGAGGCCGGTAATACGACTCACTATAGGGGTTCAGAGTTCTACAGTCCGACGATCNNNNNNAGTCACGTTTTTTTTTTTTTTTTTTTTTTTTTV,-110.411819,19370.8047,190.934357,14715.7803,2099.89746,2880.99414,259.578674
P136,C17,single cell,WT,e 14 Embryo,MPP4,RT1-161,CACGGTAT,RPI9,GATCAG,CGATTGAGGCCGGTAATACGACTCACTATAGGGGTTCAGAGTTCTACAGTCCGACGATCNNNNNNCACGGTATTTTTTTTTTTTTTTTTTTTTTTTTV,258.21814,30358.1816,165.234726,17901.293,4906.23926,30552.0742,833.840881
P136,C18,single cell,WT,e 14 Embryo,MPP4,RT1-162,GGCACTTA,RPI9,GATCAG,CGATTGAGGCCGGTAATACGACTCACTATAGGGGTTCAGAGTTCTACAGTCCGACGATCNNNNNNGGCACTTATTTTTTTTTTTTTTTTTTTTTTTTV,471.710144,8161.49951,369.676483,6747.16846,12737.5635,4442.03662,405.449463
P136,C19,single cell,WT,e 14 Embryo,MPP4,RT1-163,TGCACGTA,RPI9,GATCAG,CGATTGAGGCCGGTAATACGACTCACTATAGGGGTTCAGAGTTCTACAGTCCGACGATCNNNNNNTGCACGTATTTTTTTTTTTTTTTTTTTTTTTTV,96.3409195,23067.0703,157.907196,19523.3145,1712.2998,2379.08618,224.303909
P136,C20,single cell,WT,e 14 Embryo,MPP4,RT1-164,GGTTATGC,RPI9,GATCAG,CGATTGAGGCCGGTAATACGACTCACTATAGGGGTTCAGAGTTCTACAGTCCGACGATCNNNNNNGGTTATGCTTTTTTTTTTTTTTTTTTTTTTTTV,870.673218,16017.999,378.725922,8274.74609,6060.01367,3919.29321,276.663147
P136,C21,single cell,WT,e 14 Embryo,MPP4,RT1-165,TGACTCAG,RPI9,GATCAG,CGATTGAGGCCGGTAATACGACTCACTATAGGGGTTCAGAGTTCTACAGTCCGACGATCNNNNNNTGACTCAGTTTTTTTTTTTTTTTTTTTTTTTTV,950.552124,6541.38037,391.004852,9665.93555,12028.8428,1550.32837,378.791504
P136,C22,single cell,WT,e 14 Embryo,MPP4,RT1-166,GACCATCA,RPI9,GATCAG,CGATTGAGGCCGGTAATACGACTCACTATAGGGGTTCAGAGTTCTACAGTCCGACGATCNNNNNNGACCATCATTTTTTTTTTTTTTTTTTTTTTTTV,759.556519,15444.874,484.094818,11289.0088,10219.8135,3595.29199,457.85437
P136,C23,single cell,WT,e 14 Embryo,MPP4,RT1-167,TCCTCTTC,RPI9,GATCAG,CGATTGAGGCCGGTAATACGACTCACTATAGGGGTTCAGAGTTCTACAGTCCGACGATCNNNNNNTCCTCTTCTTTTTTTTTTTTTTTTTTTTTTTTV,-110.581413,15783.4062,380.697205,11206.7051,5129.78857,7503.8999,187.163849
P136,C24,single cell,WT,e 14 Embryo,MPP4,RT1-168,ACTGTGAC,RPI9,GATCAG,CGATTGAGGCCGGTAATACGACTCACTATAGGGGTTCAGAGTTCTACAGTCCGACGATCNNNNNNACTGTGACTTTTTTTTTTTTTTTTTTTTTTTTV,626.08313,20552.1309,364.715454,10508.0654,1678.8573,3013.39062,730.65741
P136,D1,single cell,WT,e 14 Embryo,MPP4,RT1-169,ACAACGTC,RPI9,GATCAG,CGATTGAGGCCGGTAATACGACTCACTATAGGGGTTCAGAGTTCTACAGTCCGACGATCNNNNNNACAACGTCTTTTTTTTTTTTTTTTTTTTTTTTV,-110.490349,25968.1562,319.145294,6653.42871,5701.19434,10831.6758,857.905579
P136,D2,single cell,WT,e 14 Embryo,MPP4,RT1-170,CCATCAAG,RPI9,GATCAG,CGATTGAGGCCGGTAATACGACTCACTATAGGGGTTCAGAGTTCTACAGTCCGACGATCNNNNNNCCATCAAGTTTTTTTTTTTTTTTTTTTTTTTTV,342.908356,6006.32275,155.626511,9707.71973,10218.6748,2415.1792,211.775864
P136,D3,single cell,WT,e 14 Embryo,MPP4,RT1-171,ATTGCGTG,RPI9,GATCAG,CGATTGAGGCCGGTAATACGACTCACTATAGGGGTTCAGAGTTCTACAGTCCGACGATCNNNNNNATTGCGTGTTTTTTTTTTTTTTTTTTTTTTTTV,-110.458672,20136.6836,366.822479,11523.748,9599.05762,11064.2178,240.835358
P136,D4,single cell,WT,e 14 Embryo,MPP4,RT1-172,CTACGCAA,RPI9,GATCAG,CGATTGAGGCCGGTAATACGACTCACTATAGGGGTTCAGAGTTCTACAGTCCGACGATCNNNNNNCTACGCAATTTTTTTTTTTTTTTTTTTTTTTTV,-110.413651,16752.6387,332.658966,8175.4668,14939.7227,1249.40454,321.516083
P136,D5,single cell,WT,e 14 Embryo,MPP4,RT1-173,GCTAAGCT,RPI9,GATCAG,CGATTGAGGCCGGTAATACGACTCACTATAGGGGTTCAGAGTTCTACAGTCCGACGATCNNNNNNGCTAAGCTTTTTTTTTTTTTTTTTTTTTTTTTV,77.9684296,12119.6182,7.30856991,4691.9873,11228.0381,2361.54102,168.765106
P136,D6,single cell,WT,e 14 Embryo,MPP4,RT1-174,ATGCCAGT,RPI9,GATCAG,CGATTGAGGCCGGTAATACGACTCACTATAGGGGTTCAGAGTTCTACAGTCCGACGATCNNNNNNATGCCAGTTTTTTTTTTTTTTTTTTTTTTTTTV,411.223175,17371.3633,386.714355,7672.86963,8100.01172,7300.85498,90.9553986
P136,D7,single cell,WT,e 14 Embryo,MPP4,RT1-175,CATCCAGA,RPI9,GATCAG,CGATTGAGGCCGGTAATACGACTCACTATAGGGGTTCAGAGTTCTACAGTCCGACGATCNNNNNNCATCCAGATTTTTTTTTTTTTTTTTTTTTTTTV,530.421143,25353.8438,-100.226639,14028.5234,4563.80957,1259.48511,124.42646
P136,D8,single cell,WT,e 14 Embryo,MPP3,RT1-176,GACTACCA,RPI9,GATCAG,CGATTGAGGCCGGTAATACGACTCACTATAGGGGTTCAGAGTTCTACAGTCCGACGATCNNNNNNGACTACCATTTTTTTTTTTTTTTTTTTTTTTTV,193.671219,13632.4111,190.635223,15720.8887,42.4018173,2545.80176,618.277893
P136,D9,single cell,WT,e 14 Embryo,MPP3,RT1-177,CAGTGCTA,RPI9,GATCAG,CGATTGAGGCCGGTAATACGACTCACTATAGGGGTTCAGAGTTCTACAGTCCGACGATCNNNNNNCAGTGCTATTTTTTTTTTTTTTTTTTTTTTTTV,460.054016,12495.7793,119.468033,15047.3018,407.864014,1511.0658,722.5758060000001
P136,D10,single cell,WT,e 14 Embryo,MPP3,RT1-178,CGTGAATC,RPI9,GATCAG,CGATTGAGGCCGGTAATACGACTCACTATAGGGGTTCAGAGTTCTACAGTCCGACGATCNNNNNNCGTGAATCTTTTTTTTTTTTTTTTTTTTTTTTV,696.703674,10278.1631,510.017914,5868.96436,33.5897255,1184.73694,227.421173
P136,D11,single cell,WT,e 14 Embryo,MPP3,RT1-179,GGTAACTC,RPI9,GATCAG,CGATTGAGGCCGGTAATACGACTCACTATAGGGGTTCAGAGTTCTACAGTCCGACGATCNNNNNNGGTAACTCTTTTTTTTTTTTTTTTTTTTTTTTV,629.582092,6436.3833,517.01886,6163.56982,-11.2720251,1262.32104,211.952454
P136,D12,single cell,WT,e 14 Embryo,MPP3,RT1-180,CACTAGCA,RPI9,GATCAG,CGATTGAGGCCGGTAATACGACTCACTATAGGGGTTCAGAGTTCTACAGTCCGACGATCNNNNNNCACTAGCATTTTTTTTTTTTTTTTTTTTTTTTV,225.22377,9022.47656,-98.2931366,7680.66211,-60.2170258,1190.75732,231.274216
P136,D13,single cell,WT,e 14 Embryo,MPP3,RT1-181,GATACTGC,RPI9,GATCAG,CGATTGAGGCCGGTAATACGACTCACTATAGGGGTTCAGAGTTCTACAGTCCGACGATCNNNNNNGATACTGCTTTTTTTTTTTTTTTTTTTTTTTTV,989.487915,28540.1973,252.156616,11538.1699,45.0577164,1797.29675,223.564102
P136,D14,single cell,WT,e 14 Embryo,MPP3,RT1-182,GTGCGTTA,RPI9,GATCAG,CGATTGAGGCCGGTAATACGACTCACTATAGGGGTTCAGAGTTCTACAGTCCGACGATCNNNNNNGTGCGTTATTTTTTTTTTTTTTTTTTTTTTTTV,-69.425499,12531.9482,98.8016129,15971.3359,-110.299194,2707.23853,488.397675
P136,D15,single cell,WT,e 14 Embryo,MPP3,RT1-183,GGATGCTT,RPI9,GATCAG,CGATTGAGGCCGGTAATACGACTCACTATAGGGGTTCAGAGTTCTACAGTCCGACGATCNNNNNNGGATGCTTTTTTTTTTTTTTTTTTTTTTTTTTV,1108.21228,8289.82324,221.093491,5144.3208,44.2658195,1221.80115,299.230988
P136,D16,single cell,WT,e 14 Embryo,MPP3,RT1-184,TCAGGTGT,RPI9,GATCAG,CGATTGAGGCCGGTAATACGACTCACTATAGGGGTTCAGAGTTCTACAGTCCGACGATCNNNNNNTCAGGTGTTTTTTTTTTTTTTTTTTTTTTTTTV,426.342773,14655.5967,14.6149445,5883.2998,-65.4163284,1366.9906,278.452454
P136,D17,single cell,WT,e 14 Embryo,MPP3,RT1-185,TAGCTCAG,RPI9,GATCAG,CGATTGAGGCCGGTAATACGACTCACTATAGGGGTTCAGAGTTCTACAGTCCGACGATCNNNNNNTAGCTCAGTTTTTTTTTTTTTTTTTTTTTTTTV,167.016998,21361.5879,305.793884,7567.06055,-40.9367905,1207.4812,192.238739
P136,D18,single cell,WT,e 14 Embryo,MPP3,RT1-186,TAGCGATC,RPI9,GATCAG,CGATTGAGGCCGGTAATACGACTCACTATAGGGGTTCAGAGTTCTACAGTCCGACGATCNNNNNNTAGCGATCTTTTTTTTTTTTTTTTTTTTTTTTV,-110.568436,18539.8457,141.683487,15542.6084,326.153381,2430.81372,241.664932
P136,D19,single cell,WT,e 14 Embryo,MPP3,RT1-187,CCTAGTAG,RPI9,GATCAG,CGATTGAGGCCGGTAATACGACTCACTATAGGGGTTCAGAGTTCTACAGTCCGACGATCNNNNNNCCTAGTAGTTTTTTTTTTTTTTTTTTTTTTTTV,-54.1211853,12176.5244,270.755676,10320.1699,234.422913,1609.34155,177.52211
P136,D20,single cell,WT,e 14 Embryo,MPP3,RT1-188,CAGCTTAG,RPI9,GATCAG,CGATTGAGGCCGGTAATACGACTCACTATAGGGGTTCAGAGTTCTACAGTCCGACGATCNNNNNNCAGCTTAGTTTTTTTTTTTTTTTTTTTTTTTTV,-21.1816158,17325.8418,93.8190155,7981.85449,126.009895,2153.18115,355.791168
P136,D21,single cell,WT,e 14 Embryo,MPP3,RT1-189,AGGTTCCA,RPI9,GATCAG,CGATTGAGGCCGGTAATACGACTCACTATAGGGGTTCAGAGTTCTACAGTCCGACGATCNNNNNNAGGTTCCATTTTTTTTTTTTTTTTTTTTTTTTV,-36.7120705,7855.33594,367.703491,6603.35596,-5.1244359,1791.79724,382.16153
P136,D22,single cell,WT,e 14 Embryo,MPP3,RT1-190,TGGCGATT,RPI9,GATCAG,CGATTGAGGCCGGTAATACGACTCACTATAGGGGTTCAGAGTTCTACAGTCCGACGATCNNNNNNTGGCGATTTTTTTTTTTTTTTTTTTTTTTTTTV,1148.38696,6713.57227,262.762024,5844.40723,350.097076,1378.20068,270.603821
P136,D23,single cell,WT,e 14 Embryo,MPP3,RT1-191,ACCAATCG,RPI9,GATCAG,CGATTGAGGCCGGTAATACGACTCACTATAGGGGTTCAGAGTTCTACAGTCCGACGATCNNNNNNACCAATCGTTTTTTTTTTTTTTTTTTTTTTTTV,-110.547684,15798.9521,202.367706,9785.58398,43.8354416,1352.56714,113.47612
P136,D24,single cell,WT,e 14 Embryo,MPP3,RT1-192,GAAGGAAG,RPI9,GATCAG,CGATTGAGGCCGGTAATACGACTCACTATAGGGGTTCAGAGTTCTACAGTCCGACGATCNNNNNNGAAGGAAGTTTTTTTTTTTTTTTTTTTTTTTTV,-110.412331,10038.123,352.326843,7387.10156,91.9788895,1364.47485,225.497452
P136,E1,single cell,WT,e 14 Embryo,MPP3,RT1-193,TGGTCGAT,RPI9,GATCAG,CGATTGAGGCCGGTAATACGACTCACTATAGGGGTTCAGAGTTCTACAGTCCGACGATCNNNNNNTGGTCGATTTTTTTTTTTTTTTTTTTTTTTTTV,628.520935,10643.1465,312.780792,12056.3604,-53.6899071,1283.22534,315.751282
P136,E2,single cell,WT,e 14 Embryo,MPP3,RT1-194,TGCGACTA,RPI9,GATCAG,CGATTGAGGCCGGTAATACGACTCACTATAGGGGTTCAGAGTTCTACAGTCCGACGATCNNNNNNTGCGACTATTTTTTTTTTTTTTTTTTTTTTTTV,-110.474213,12886.6045,451.734314,8682.05273,16.5026207,1234.58435,248.382416
P136,E3,single cell,WT,e 14 Embryo,MPP3,RT1-195,TGACTACG,RPI9,GATCAG,CGATTGAGGCCGGTAATACGACTCACTATAGGGGTTCAGAGTTCTACAGTCCGACGATCNNNNNNTGACTACGTTTTTTTTTTTTTTTTTTTTTTTTV,1342.88391,7894.30615,23.328373,6650.72021,285.895996,4871.87354,70.0342407
P136,E4,single cell,WT,e 14 Embryo,MPP3,RT1-196,GGCATGTT,RPI9,GATCAG,CGATTGAGGCCGGTAATACGACTCACTATAGGGGTTCAGAGTTCTACAGTCCGACGATCNNNNNNGGCATGTTTTTTTTTTTTTTTTTTTTTTTTTTV,541.168823,20551.6504,49.7503815,11228.3066,212.666061,1429.67993,130.730194
P136,E5,single cell,WT,e 14 Embryo,MPP3,RT1-197,ACGATGTC,RPI9,GATCAG,CGATTGAGGCCGGTAATACGACTCACTATAGGGGTTCAGAGTTCTACAGTCCGACGATCNNNNNNACGATGTCTTTTTTTTTTTTTTTTTTTTTTTTV,-54.5635681,18339.3965,-110.309753,8188.90186,6.23488188,2751.40991,179.556595
P136,E6,single cell,WT,e 14 Embryo,MPP3,RT1-198,GTACTTGG,RPI9,GATCAG,CGATTGAGGCCGGTAATACGACTCACTATAGGGGTTCAGAGTTCTACAGTCCGACGATCNNNNNNGTACTTGGTTTTTTTTTTTTTTTTTTTTTTTTV,1195.45251,19405.668,166.736237,20412.7461,436.90332,2222.76367,375.650177
P136,E7,single cell,WT,e 14 Embryo,MPP3,RT1-199,TAGGTGCT,RPI9,GATCAG,CGATTGAGGCCGGTAATACGACTCACTATAGGGGTTCAGAGTTCTACAGTCCGACGATCNNNNNNTAGGTGCTTTTTTTTTTTTTTTTTTTTTTTTTV,1321.78162,17095.2949,55.0962601,14603.0273,54.650383,2208.85547,527.743164
P136,E8,single cell,WT,e 14 Embryo,MPP3,RT1-200,AGCTTGCA,RPI9,GATCAG,CGATTGAGGCCGGTAATACGACTCACTATAGGGGTTCAGAGTTCTACAGTCCGACGATCNNNNNNAGCTTGCATTTTTTTTTTTTTTTTTTTTTTTTV,584.747864,8396.5332,496.003357,6769.42822,2.75193834,1187.60754,273.575867
P136,E9,single cell,WT,e 14 Embryo,MPP3,RT1-201,AGTGACTC,RPI9,GATCAG,CGATTGAGGCCGGTAATACGACTCACTATAGGGGTTCAGAGTTCTACAGTCCGACGATCNNNNNNAGTGACTCTTTTTTTTTTTTTTTTTTTTTTTTV,883.716187,10593.2959,121.817444,6665.81641,62.9979897,1324.3158,416.885681
P136,E10,single cell,WT,e 14 Embryo,MPP3,RT1-202,TACGAGTC,RPI9,GATCAG,CGATTGAGGCCGGTAATACGACTCACTATAGGGGTTCAGAGTTCTACAGTCCGACGATCNNNNNNTACGAGTCTTTTTTTTTTTTTTTTTTTTTTTTV,167.491943,29630.7012,204.16301,23182.6191,462.864563,2191.4856,135.388657
P136,E11,single cell,WT,e 14 Embryo,MPP3,RT1-203,GTGCGTAT,RPI9,GATCAG,CGATTGAGGCCGGTAATACGACTCACTATAGGGGTTCAGAGTTCTACAGTCCGACGATCNNNNNNGTGCGTATTTTTTTTTTTTTTTTTTTTTTTTTV,103.0158,8260.9834,-110.318405,4732.1499,6.65185213,1411.08435,183.40799
P136,E12,single cell,WT,e 14 Embryo,MPP3,RT1-204,CGACACAT,RPI9,GATCAG,CGATTGAGGCCGGTAATACGACTCACTATAGGGGTTCAGAGTTCTACAGTCCGACGATCNNNNNNCGACACATTTTTTTTTTTTTTTTTTTTTTTTTV,1508.58252,13432.6172,243.630432,8247.31445,57.5933495,1379.59399,255.22905
P136,E13,single cell,WT,e 14 Embryo,MPP3,RT1-205,TCGACTAG,RPI9,GATCAG,CGATTGAGGCCGGTAATACGACTCACTATAGGGGTTCAGAGTTCTACAGTCCGACGATCNNNNNNTCGACTAGTTTTTTTTTTTTTTTTTTTTTTTTV,752.377747,15088.9404,312.267365,8697.80859,188.697205,1445.34741,271.95755
P136,E14,single cell,WT,e 14 Embryo,MPP3,RT1-206,TCACGGTA,RPI9,GATCAG,CGATTGAGGCCGGTAATACGACTCACTATAGGGGTTCAGAGTTCTACAGTCCGACGATCNNNNNNTCACGGTATTTTTTTTTTTTTTTTTTTTTTTTV,-110.386818,14273.373,24.5361767,15281.9727,119.557625,1551.02161,194.739746
P136,E15,single cell,WT,e 14 Embryo,MPP3,RT1-207,ATGGTGCT,RPI9,GATCAG,CGATTGAGGCCGGTAATACGACTCACTATAGGGGTTCAGAGTTCTACAGTCCGACGATCNNNNNNATGGTGCTTTTTTTTTTTTTTTTTTTTTTTTTV,748.890198,6712.33301,329.967682,7334.15088,-14.4938831,1208.85913,194.224304
P136,E16,single cell,WT,e 14 Embryo,MPP3,RT1-208,GTACTGTG,RPI9,GATCAG,CGATTGAGGCCGGTAATACGACTCACTATAGGGGTTCAGAGTTCTACAGTCCGACGATCNNNNNNGTACTGTGTTTTTTTTTTTTTTTTTTTTTTTTV,263.596863,6726.90137,161.884338,6593.44482,-2.51566029,1298.6322,226.427963
P136,E17,single cell,WT,e 14 Embryo,MPP3,RT1-209,CGATTGTG,RPI9,GATCAG,CGATTGAGGCCGGTAATACGACTCACTATAGGGGTTCAGAGTTCTACAGTCCGACGATCNNNNNNCGATTGTGTTTTTTTTTTTTTTTTTTTTTTTTV,1006.23541,16742.916,-57.5087242,13314.6553,190.602524,1485.23645,519.792603
P136,E18,single cell,WT,e 14 Embryo,MPP3,RT1-210,CACAAGTC,RPI9,GATCAG,CGATTGAGGCCGGTAATACGACTCACTATAGGGGTTCAGAGTTCTACAGTCCGACGATCNNNNNNCACAAGTCTTTTTTTTTTTTTTTTTTTTTTTTV,-64.9730072,11977.0078,-79.2657471,6899.77881,53.9521179,1395.79529,138.551483
P136,E19,single cell,WT,e 14 Embryo,MPP3,RT1-211,CAACTGAC,RPI9,GATCAG,CGATTGAGGCCGGTAATACGACTCACTATAGGGGTTCAGAGTTCTACAGTCCGACGATCNNNNNNCAACTGACTTTTTTTTTTTTTTTTTTTTTTTTV,29.5721893,19046.6406,82.6860428,12221.208,401.429749,2169.99292,146.899918
P136,E20,single cell,WT,e 14 Embryo,MPP3,RT1-212,TCGTTGGA,RPI9,GATCAG,CGATTGAGGCCGGTAATACGACTCACTATAGGGGTTCAGAGTTCTACAGTCCGACGATCNNNNNNTCGTTGGATTTTTTTTTTTTTTTTTTTTTTTTV,481.555878,7806.44824,62.2377701,4990.05957,16.9795971,1467.32605,374.891754
P136,E21,single cell,WT,e 14 Embryo,MPP3,RT1-213,TGAGTTGC,RPI9,GATCAG,CGATTGAGGCCGGTAATACGACTCACTATAGGGGTTCAGAGTTCTACAGTCCGACGATCNNNNNNTGAGTTGCTTTTTTTTTTTTTTTTTTTTTTTTV,-110.30954,14246.2012,200.895828,7724.88428,144.755859,1174.55432,230.418396
P136,E22,single cell,WT,e 14 Embryo,MPP3,RT1-214,TCTCGGAA,RPI9,GATCAG,CGATTGAGGCCGGTAATACGACTCACTATAGGGGTTCAGAGTTCTACAGTCCGACGATCNNNNNNTCTCGGAATTTTTTTTTTTTTTTTTTTTTTTTV,817.50415,15946.7383,113.053284,9186.27734,403.38266,1543.40051,275.056335
P136,E23,single cell,WT,e 14 Embryo,MPP3,RT1-215,CGACTACA,RPI9,GATCAG,CGATTGAGGCCGGTAATACGACTCACTATAGGGGTTCAGAGTTCTACAGTCCGACGATCNNNNNNCGACTACATTTTTTTTTTTTTTTTTTTTTTTTV,1350.60083,8279.44336,366.722015,5427.59424,48.5565262,1599.62061,236.315002
P136,E24,single cell,WT,e 14 Embryo,MPP3,RT1-216,ATCCGTAG,RPI9,GATCAG,CGATTGAGGCCGGTAATACGACTCACTATAGGGGTTCAGAGTTCTACAGTCCGACGATCNNNNNNATCCGTAGTTTTTTTTTTTTTTTTTTTTTTTTV,468.263489,10164.959,282.130402,5569.64062,67.4580612,1502.69763,246.747223
P136,F1,single cell,WT,e 14 Embryo,MPP3,RT1-217,ATTCGCAG,RPI9,GATCAG,CGATTGAGGCCGGTAATACGACTCACTATAGGGGTTCAGAGTTCTACAGTCCGACGATCNNNNNNATTCGCAGTTTTTTTTTTTTTTTTTTTTTTTTV,88.0962296,11710.249,132.705566,11446.5908,85.6205521,2005.47656,185.138458
P136,F2,single cell,WT,e 14 Embryo,MPP3,RT1-218,TAACCGTG,RPI9,GATCAG,CGATTGAGGCCGGTAATACGACTCACTATAGGGGTTCAGAGTTCTACAGTCCGACGATCNNNNNNTAACCGTGTTTTTTTTTTTTTTTTTTTTTTTTV,154.591675,18681.8613,236.247192,16817.2363,-110.568069,1509.06079,361.375671
P136,F3,single cell,WT,e 14 Embryo,MPP3,RT1-219,AGGAGGAA,RPI9,GATCAG,CGATTGAGGCCGGTAATACGACTCACTATAGGGGTTCAGAGTTCTACAGTCCGACGATCNNNNNNAGGAGGAATTTTTTTTTTTTTTTTTTTTTTTTV,723.353943,11411.6328,127.836235,5105.29443,-12.1140242,1313.77173,253.17804
P136,F4,single cell,WT,e 14 Embryo,MPP3,RT1-220,GTCGCTAA,RPI9,GATCAG,CGATTGAGGCCGGTAATACGACTCACTATAGGGGTTCAGAGTTCTACAGTCCGACGATCNNNNNNGTCGCTAATTTTTTTTTTTTTTTTTTTTTTTTV,716.820984,13297.2148,-80.6619415,6940.23096,380.791718,2600.23242,234.579102
P136,F5,single cell,WT,e 14 Embryo,MPP3,RT1-221,ATAGGCTC,RPI9,GATCAG,CGATTGAGGCCGGTAATACGACTCACTATAGGGGTTCAGAGTTCTACAGTCCGACGATCNNNNNNATAGGCTCTTTTTTTTTTTTTTTTTTTTTTTTV,456.272186,14833.6797,211.932205,6228.7168,-31.6493053,1265.24451,113.047935
P136,F6,single cell,WT,e 14 Embryo,MPP3,RT1-222,GAGAGGAA,RPI9,GATCAG,CGATTGAGGCCGGTAATACGACTCACTATAGGGGTTCAGAGTTCTACAGTCCGACGATCNNNNNNGAGAGGAATTTTTTTTTTTTTTTTTTTTTTTTV,851.246155,9816.94727,-110.307411,12194.8682,-33.7657356,1329.30786,503.506866
P136,F7,single cell,WT,e 14 Embryo,MPP3,RT1-223,ACACAGCT,RPI9,GATCAG,CGATTGAGGCCGGTAATACGACTCACTATAGGGGTTCAGAGTTCTACAGTCCGACGATCNNNNNNACACAGCTTTTTTTTTTTTTTTTTTTTTTTTTV,-110.582146,9386.82227,-110.45105,7184.20557,-78.0392303,1194.65259,164.891312
P136,F8,single cell,WT,e 14 Embryo,MPP3,RT1-224,CGACGTAT,RPI9,GATCAG,CGATTGAGGCCGGTAATACGACTCACTATAGGGGTTCAGAGTTCTACAGTCCGACGATCNNNNNNCGACGTATTTTTTTTTTTTTTTTTTTTTTTTTV,1238.87146,17705.6289,224.483307,7557.12256,58.3508072,2153.37695,323.816254
P136,F9,single cell,WT,e 14 Embryo,MPP3,RT1-225,ACATGCCA,RPI9,GATCAG,CGATTGAGGCCGGTAATACGACTCACTATAGGGGTTCAGAGTTCTACAGTCCGACGATCNNNNNNACATGCCATTTTTTTTTTTTTTTTTTTTTTTTV,1380.61597,16155.7148,26.3869762,12930.3076,-84.8879623,1712.74402,95.0909042
P136,F10,single cell,WT,e 14 Embryo,MPP3,RT1-226,GTTCCAAG,RPI9,GATCAG,CGATTGAGGCCGGTAATACGACTCACTATAGGGGTTCAGAGTTCTACAGTCCGACGATCNNNNNNGTTCCAAGTTTTTTTTTTTTTTTTTTTTTTTTV,45.1629372,10697.1914,383.931458,6339.25195,-31.2072773,1663.84705,269.725739
P136,F11,single cell,WT,e 14 Embryo,MPP3,RT1-227,GCGTGATT,RPI9,GATCAG,CGATTGAGGCCGGTAATACGACTCACTATAGGGGTTCAGAGTTCTACAGTCCGACGATCNNNNNNGCGTGATTTTTTTTTTTTTTTTTTTTTTTTTTV,533.858154,23350.8008,-110.397743,22106.9336,304.948822,5335.44922,503.561371
P136,F12,single cell,WT,e 14 Embryo,MPP3,RT1-228,TGATGCTG,RPI9,GATCAG,CGATTGAGGCCGGTAATACGACTCACTATAGGGGTTCAGAGTTCTACAGTCCGACGATCNNNNNNTGATGCTGTTTTTTTTTTTTTTTTTTTTTTTTV,544.160461,22071.4219,-53.9202309,6672.68359,16.4736118,1550.04431,387.831909
P136,F13,single cell,WT,e 14 Embryo,MPP3,RT1-229,TACCGATG,RPI9,GATCAG,CGATTGAGGCCGGTAATACGACTCACTATAGGGGTTCAGAGTTCTACAGTCCGACGATCNNNNNNTACCGATGTTTTTTTTTTTTTTTTTTTTTTTTV,-110.578842,8512.33105,-16.5091515,8093.65088,346.309235,1456.87805,151.090393
P136,F14,single cell,WT,e 14 Embryo,MPP3,RT1-230,TACAGGCT,RPI9,GATCAG,CGATTGAGGCCGGTAATACGACTCACTATAGGGGTTCAGAGTTCTACAGTCCGACGATCNNNNNNTACAGGCTTTTTTTTTTTTTTTTTTTTTTTTTV,481.997467,13690.1006,-110.37384,9704.5127,-7.53763819,1293.9635,192.58725
P136,F15,single cell,WT,e 14 Embryo,MPP3,RT1-231,AGCTTACG,RPI9,GATCAG,CGATTGAGGCCGGTAATACGACTCACTATAGGGGTTCAGAGTTCTACAGTCCGACGATCNNNNNNAGCTTACGTTTTTTTTTTTTTTTTTTTTTTTTV,879.987732,14540.0547,530.866272,9001.74219,8.19296741,1202.56238,629.218262
P136,F16,single cell,WT,e 14 Embryo,MPP3,RT1-232,GAGTTCCA,RPI9,GATCAG,CGATTGAGGCCGGTAATACGACTCACTATAGGGGTTCAGAGTTCTACAGTCCGACGATCNNNNNNGAGTTCCATTTTTTTTTTTTTTTTTTTTTTTTV,834.359802,8476.8916,144.40921,5144.74512,84.741333,1189.23157,280.015137
P136,F17,single cell,WT,e 14 Embryo,MPP3,RT1-233,GCTGCATA,RPI9,GATCAG,CGATTGAGGCCGGTAATACGACTCACTATAGGGGTTCAGAGTTCTACAGTCCGACGATCNNNNNNGCTGCATATTTTTTTTTTTTTTTTTTTTTTTTV,359.508545,11457.752,-87.3718338,6528.56836,-42.4011993,1265.67981,112.1819
P136,F18,single cell,WT,e 14 Embryo,MPP3,RT1-234,TACCACGA,RPI9,GATCAG,CGATTGAGGCCGGTAATACGACTCACTATAGGGGTTCAGAGTTCTACAGTCCGACGATCNNNNNNTACCACGATTTTTTTTTTTTTTTTTTTTTTTTV,314.615967,21114.4863,165.407196,15004.6631,32.5236549,1465.01184,164.636276
P136,F19,single cell,WT,e 14 Embryo,MPP3,RT1-235,ACACACGT,RPI9,GATCAG,CGATTGAGGCCGGTAATACGACTCACTATAGGGGTTCAGAGTTCTACAGTCCGACGATCNNNNNNACACACGTTTTTTTTTTTTTTTTTTTTTTTTTV,984.361206,15088.7646,142.293945,8744.54883,99.9045944,1232.20764,216.150192
P136,F20,single cell,WT,e 14 Embryo,MPP3,RT1-236,CTGCAACA,RPI9,GATCAG,CGATTGAGGCCGGTAATACGACTCACTATAGGGGTTCAGAGTTCTACAGTCCGACGATCNNNNNNCTGCAACATTTTTTTTTTTTTTTTTTTTTTTTV,1069.53357,8675.63379,-37.9797249,5692.0708,72.4763718,1287.26257,260.483734
P136,F21,single cell,WT,e 14 Embryo,MPP3,RT1-237,GTAGACCT,RPI9,GATCAG,CGATTGAGGCCGGTAATACGACTCACTATAGGGGTTCAGAGTTCTACAGTCCGACGATCNNNNNNGTAGACCTTTTTTTTTTTTTTTTTTTTTTTTTV,506.847321,21686.5703,187.653976,17483.5742,268.321198,3183.87085,333.986572
P136,F22,single cell,WT,e 14 Embryo,MPP3,RT1-238,TGCCAGTA,RPI9,GATCAG,CGATTGAGGCCGGTAATACGACTCACTATAGGGGTTCAGAGTTCTACAGTCCGACGATCNNNNNNTGCCAGTATTTTTTTTTTTTTTTTTTTTTTTTV,-110.500687,27850.5938,545.445801,12018.9453,-110.34407,1556.87537,413.147858
P136,F23,single cell,WT,e 14 Embryo,MPP3,RT1-239,AGCGTTAC,RPI9,GATCAG,CGATTGAGGCCGGTAATACGACTCACTATAGGGGTTCAGAGTTCTACAGTCCGACGATCNNNNNNAGCGTTACTTTTTTTTTTTTTTTTTTTTTTTTV,-110.325371,12090.7988,-110.392319,7288.81543,119.76738,1538.74426,133.482681
P136,F24,single cell,WT,e 14 Embryo,MPP3,RT1-240,GTAGTCCA,RPI9,GATCAG,CGATTGAGGCCGGTAATACGACTCACTATAGGGGTTCAGAGTTCTACAGTCCGACGATCNNNNNNGTAGTCCATTTTTTTTTTTTTTTTTTTTTTTTV,1386.28894,20928.5742,512.083069,13448.5215,64.0087814,1703.27002,182.8797
P136,G1,single cell,WT,e 14 Embryo,MPP3,RT1-241,GGCTAATC,RPI9,GATCAG,CGATTGAGGCCGGTAATACGACTCACTATAGGGGTTCAGAGTTCTACAGTCCGACGATCNNNNNNGGCTAATCTTTTTTTTTTTTTTTTTTTTTTTTV,-48.0390549,15545.1934,36.2426796,13741.0859,280.97229,1438.51685,24.8294258
P136,G2,single cell,WT,e 14 Embryo,MPP3,RT1-242,CACGAGTT,RPI9,GATCAG,CGATTGAGGCCGGTAATACGACTCACTATAGGGGTTCAGAGTTCTACAGTCCGACGATCNNNNNNCACGAGTTTTTTTTTTTTTTTTTTTTTTTTTTV,273.883423,16366.6904,-110.482719,11095.9053,74.7204742,1210.8009,326.62088
P136,G3,single cell,WT,e 14 Embryo,MPP3,RT1-243,CGAACTGT,RPI9,GATCAG,CGATTGAGGCCGGTAATACGACTCACTATAGGGGTTCAGAGTTCTACAGTCCGACGATCNNNNNNCGAACTGTTTTTTTTTTTTTTTTTTTTTTTTTV,979.104126,24019.0332,-110.579361,14040.9648,445.620361,1560.34875,360.85144
P136,G4,single cell,WT,e 14 Embryo,MPP3,RT1-244,GATTCGCA,RPI9,GATCAG,CGATTGAGGCCGGTAATACGACTCACTATAGGGGTTCAGAGTTCTACAGTCCGACGATCNNNNNNGATTCGCATTTTTTTTTTTTTTTTTTTTTTTTV,-110.33329,12997.7979,-110.487854,14138.3701,45.6899185,1535.39978,418.410156
P136,G5,single cell,WT,e 14 Embryo,MPP3,RT1-245,ACCGTTAG,RPI9,GATCAG,CGATTGAGGCCGGTAATACGACTCACTATAGGGGTTCAGAGTTCTACAGTCCGACGATCNNNNNNACCGTTAGTTTTTTTTTTTTTTTTTTTTTTTTV,1153.62952,9116.91309,233.164703,6633.65576,-10.9932461,1257.78186,364.898193
P136,G6,single cell,WT,e 14 Embryo,MPP3,RT1-246,CCGATAGT,RPI9,GATCAG,CGATTGAGGCCGGTAATACGACTCACTATAGGGGTTCAGAGTTCTACAGTCCGACGATCNNNNNNCCGATAGTTTTTTTTTTTTTTTTTTTTTTTTTV,-110.450607,14583.6172,-110.515495,9952.34863,80.973114,1346.81885,135.55986
P136,G7,single cell,WT,e 14 Embryo,MPP3,RT1-247,GAATCGTC,RPI9,GATCAG,CGATTGAGGCCGGTAATACGACTCACTATAGGGGTTCAGAGTTCTACAGTCCGACGATCNNNNNNGAATCGTCTTTTTTTTTTTTTTTTTTTTTTTTV,1316.10803,12549.251,2.36327815,5544.54053,-3.52832603,1620.33667,337.936737
P136,G8,single cell,WT,e 14 Embryo,MPP3,RT1-248,GTAGGTCT,RPI9,GATCAG,CGATTGAGGCCGGTAATACGACTCACTATAGGGGTTCAGAGTTCTACAGTCCGACGATCNNNNNNGTAGGTCTTTTTTTTTTTTTTTTTTTTTTTTTV,949.539429,10713.7754,239.547867,7341.74561,37.8434715,1714.31799,394.845428
P136,G9,single cell,WT,e 14 Embryo,MPP3,RT1-249,GATTCGGT,RPI9,GATCAG,CGATTGAGGCCGGTAATACGACTCACTATAGGGGTTCAGAGTTCTACAGTCCGACGATCNNNNNNGATTCGGTTTTTTTTTTTTTTTTTTTTTTTTTV,-110.535217,12974.0371,474.490112,6644.23535,-38.2346764,2166.47241,347.448334
P136,G10,single cell,WT,e 14 Embryo,MPP3,RT1-250,TGGCATCA,RPI9,GATCAG,CGATTGAGGCCGGTAATACGACTCACTATAGGGGTTCAGAGTTCTACAGTCCGACGATCNNNNNNTGGCATCATTTTTTTTTTTTTTTTTTTTTTTTV,1098.07544,13293.9297,28.6322517,9948.10352,-65.3273315,1227.01587,163.43071
P136,G11,single cell,WT,e 14 Embryo,MPP3,RT1-251,GTTGTGAC,RPI9,GATCAG,CGATTGAGGCCGGTAATACGACTCACTATAGGGGTTCAGAGTTCTACAGTCCGACGATCNNNNNNGTTGTGACTTTTTTTTTTTTTTTTTTTTTTTTV,1063.22217,17321.9395,-110.40683,8062.37012,104.333336,1463.07263,199.589218
P136,G12,single cell,WT,e 14 Embryo,MPP2,RT1-252,GTGTAGCT,RPI9,GATCAG,CGATTGAGGCCGGTAATACGACTCACTATAGGGGTTCAGAGTTCTACAGTCCGACGATCNNNNNNGTGTAGCTTTTTTTTTTTTTTTTTTTTTTTTTV,141.053207,8497.37988,276.115051,8465.02539,-78.2322693,1620.90759,19286.9336
P136,G13,single cell,WT,e 14 Embryo,MPP2,RT1-253,GGTCAATC,RPI9,GATCAG,CGATTGAGGCCGGTAATACGACTCACTATAGGGGTTCAGAGTTCTACAGTCCGACGATCNNNNNNGGTCAATCTTTTTTTTTTTTTTTTTTTTTTTTV,-110.453682,20251.1641,-110.569977,13404.2998,341.904572,3675.80127,2324.01074
P136,G14,single cell,WT,e 14 Embryo,MPP2,RT1-254,TGTCGATG,RPI9,GATCAG,CGATTGAGGCCGGTAATACGACTCACTATAGGGGTTCAGAGTTCTACAGTCCGACGATCNNNNNNTGTCGATGTTTTTTTTTTTTTTTTTTTTTTTTV,-110.400307,16829.3242,41.3848724,10396.5859,-58.4152489,1194.54016,5871.00879
P136,G15,single cell,WT,e 14 Embryo,MPP2,RT1-255,CCAACTAG,RPI9,GATCAG,CGATTGAGGCCGGTAATACGACTCACTATAGGGGTTCAGAGTTCTACAGTCCGACGATCNNNNNNCCAACTAGTTTTTTTTTTTTTTTTTTTTTTTTV,-110.443054,15762.1816,232.82399,13073.4912,-105.316101,1234.66382,2696.88159
P136,G16,single cell,WT,e 14 Embryo,MPP2,RT1-256,AATCCGCA,RPI9,GATCAG,CGATTGAGGCCGGTAATACGACTCACTATAGGGGTTCAGAGTTCTACAGTCCGACGATCNNNNNNAATCCGCATTTTTTTTTTTTTTTTTTTTTTTTV,1129.12622,28356.6484,300.03775,11204.8369,78.0781021,2185.97705,7650.4668
P136,G17,single cell,WT,e 14 Embryo,MPP2,RT1-257,GCTACAAC,RPI9,GATCAG,CGATTGAGGCCGGTAATACGACTCACTATAGGGGTTCAGAGTTCTACAGTCCGACGATCNNNNNNGCTACAACTTTTTTTTTTTTTTTTTTTTTTTTV,1007.66528,9101.00488,93.474472,12522.748,73.8623123,1174.9231,36318.8281
P136,G18,single cell,WT,e 14 Embryo,MPP2,RT1-258,CGATTCAG,RPI9,GATCAG,CGATTGAGGCCGGTAATACGACTCACTATAGGGGTTCAGAGTTCTACAGTCCGACGATCNNNNNNCGATTCAGTTTTTTTTTTTTTTTTTTTTTTTTV,153.203491,21039.9434,67.2986908,11455.9609,-44.530014,1424.75159,6799.59717
P136,G19,single cell,WT,e 14 Embryo,MPP2,RT1-259,GTACGACT,RPI9,GATCAG,CGATTGAGGCCGGTAATACGACTCACTATAGGGGTTCAGAGTTCTACAGTCCGACGATCNNNNNNGTACGACTTTTTTTTTTTTTTTTTTTTTTTTTV,1055.61316,24563.2598,-110.304695,8195.9043,-7.59570503,1383.02209,17064.9629
P136,G20,single cell,WT,e 14 Embryo,MPP2,RT1-260,CGACATAC,RPI9,GATCAG,CGATTGAGGCCGGTAATACGACTCACTATAGGGGTTCAGAGTTCTACAGTCCGACGATCNNNNNNCGACATACTTTTTTTTTTTTTTTTTTTTTTTTV,128.651505,6232.82227,494.71109,7412.37207,-50.0053139,1561.58008,27887.5176
P136,G21,single cell,WT,e 14 Embryo,MPP2,RT1-261,ATAGCGTC,RPI9,GATCAG,CGATTGAGGCCGGTAATACGACTCACTATAGGGGTTCAGAGTTCTACAGTCCGACGATCNNNNNNATAGCGTCTTTTTTTTTTTTTTTTTTTTTTTTV,-110.510216,14705.3604,104.45649,14947.5449,-110.410576,10308.835,3389.72168
P136,G22,single cell,WT,e 14 Embryo,MPP2,RT1-262,AACCAGTC,RPI9,GATCAG,CGATTGAGGCCGGTAATACGACTCACTATAGGGGTTCAGAGTTCTACAGTCCGACGATCNNNNNNAACCAGTCTTTTTTTTTTTTTTTTTTTTTTTTV,375.391907,21861.041,119.024445,8701.55859,-58.0128174,1608.72864,10727.6631
P136,G23,single cell,WT,e 14 Embryo,MPP2,RT1-263,GGCTTAAC,RPI9,GATCAG,CGATTGAGGCCGGTAATACGACTCACTATAGGGGTTCAGAGTTCTACAGTCCGACGATCNNNNNNGGCTTAACTTTTTTTTTTTTTTTTTTTTTTTTV,57.5360603,15442.8076,372.497894,6712.69727,26.8159237,9985.06348,16515.7812
P136,G24,single cell,WT,e 14 Embryo,MPP2,RT1-264,ACAGCTAC,RPI9,GATCAG,CGATTGAGGCCGGTAATACGACTCACTATAGGGGTTCAGAGTTCTACAGTCCGACGATCNNNNNNACAGCTACTTTTTTTTTTTTTTTTTTTTTTTTV,-40.1406288,12929.4277,68.8588638,10068.6934,-110.448036,1228.91919,5265.81592
P136,H1,single cell,WT,e 14 Embryo,MPP2,RT1-265,TGCACTGA,RPI9,GATCAG,CGATTGAGGCCGGTAATACGACTCACTATAGGGGTTCAGAGTTCTACAGTCCGACGATCNNNNNNTGCACTGATTTTTTTTTTTTTTTTTTTTTTTTV,150.379211,18908.668,20.1124725,18504.793,46.1868935,3902.36108,9928.33203
P136,H2,single cell,WT,e 14 Embryo,MPP2,RT1-266,GTTGCGAT,RPI9,GATCAG,CGATTGAGGCCGGTAATACGACTCACTATAGGGGTTCAGAGTTCTACAGTCCGACGATCNNNNNNGTTGCGATTTTTTTTTTTTTTTTTTTTTTTTTV,-100.97715,9457.70703,124.996933,7520.57715,-46.2991791,1986.5979,10199.2188
P136,H3,single cell,WT,e 14 Embryo,MPP2,RT1-267,CGAATCGT,RPI9,GATCAG,CGATTGAGGCCGGTAATACGACTCACTATAGGGGTTCAGAGTTCTACAGTCCGACGATCNNNNNNCGAATCGTTTTTTTTTTTTTTTTTTTTTTTTTV,224.914444,18492.0742,274.024475,12047.7314,-67.2291489,1216.36707,13311.4434
P136,H4,single cell,WT,e 14 Embryo,MPP2,RT1-268,GTGCATGT,RPI9,GATCAG,CGATTGAGGCCGGTAATACGACTCACTATAGGGGTTCAGAGTTCTACAGTCCGACGATCNNNNNNGTGCATGTTTTTTTTTTTTTTTTTTTTTTTTTV,954.537598,24632.5078,191.577942,13559.9717,-110.449142,1699.12634,36851.1016
P136,H5,single cell,WT,e 14 Embryo,MPP2,RT1-269,AGTTGCTG,RPI9,GATCAG,CGATTGAGGCCGGTAATACGACTCACTATAGGGGTTCAGAGTTCTACAGTCCGACGATCNNNNNNAGTTGCTGTTTTTTTTTTTTTTTTTTTTTTTTV,144.476089,20347.373,267.642822,10047.625,-69.2487259,1806.22852,9356.0625
P136,H6,single cell,WT,e 14 Embryo,MPP2,RT1-270,GTAACGCT,RPI9,GATCAG,CGATTGAGGCCGGTAATACGACTCACTATAGGGGTTCAGAGTTCTACAGTCCGACGATCNNNNNNGTAACGCTTTTTTTTTTTTTTTTTTTTTTTTTV,698.676758,16007.0957,-19.9750652,14038.7061,-62.0981178,1355.05566,12160.5957
P136,H7,single cell,WT,e 14 Embryo,MPP2,RT1-271,CGAACACT,RPI9,GATCAG,CGATTGAGGCCGGTAATACGACTCACTATAGGGGTTCAGAGTTCTACAGTCCGACGATCNNNNNNCGAACACTTTTTTTTTTTTTTTTTTTTTTTTTV,668.810425,26165.8535,34.7826843,8818.49707,-39.5149345,1656.0752,14141.6445
P136,H8,single cell,WT,e 14 Embryo,MPP2,RT1-272,GGAACTCT,RPI9,GATCAG,CGATTGAGGCCGGTAATACGACTCACTATAGGGGTTCAGAGTTCTACAGTCCGACGATCNNNNNNGGAACTCTTTTTTTTTTTTTTTTTTTTTTTTTV,101.105408,10160.7852,252.488815,15076.1719,-110.575325,4746.8667,25304.834
P136,H9,single cell,WT,e 14 Embryo,MPP2,RT1-273,AGTCGTAC,RPI9,GATCAG,CGATTGAGGCCGGTAATACGACTCACTATAGGGGTTCAGAGTTCTACAGTCCGACGATCNNNNNNAGTCGTACTTTTTTTTTTTTTTTTTTTTTTTTV,-40.8120804,18129.582,-110.516739,12813.8906,-106.480484,1343.49634,2915.58203
P136,H10,single cell,WT,e 14 Embryo,MPP2,RT1-274,ACGGTTAC,RPI9,GATCAG,CGATTGAGGCCGGTAATACGACTCACTATAGGGGTTCAGAGTTCTACAGTCCGACGATCNNNNNNACGGTTACTTTTTTTTTTTTTTTTTTTTTTTTV,1270.15063,31700.127,-110.310341,7656.70264,-110.557213,1803.2666,16771.5195
P136,H11,single cell,WT,e 14 Embryo,MPP2,RT1-275,ATTGGCAC,RPI9,GATCAG,CGATTGAGGCCGGTAATACGACTCACTATAGGGGTTCAGAGTTCTACAGTCCGACGATCNNNNNNATTGGCACTTTTTTTTTTTTTTTTTTTTTTTTV,523.218628,9058.97363,256.656158,10454.8506,-78.1087952,1505.32117,8066.59912
P136,H12,single cell,WT,e 14 Embryo,MPP2,RT1-276,CAGTCCAA,RPI9,GATCAG,CGATTGAGGCCGGTAATACGACTCACTATAGGGGTTCAGAGTTCTACAGTCCGACGATCNNNNNNCAGTCCAATTTTTTTTTTTTTTTTTTTTTTTTV,249.107544,29071.9434,-84.9426727,17260.416,0.460463911,2228.9834,1927.02551
P136,H13,single cell,WT,e 14 Embryo,MPP2,RT1-277,TCCTTCTC,RPI9,GATCAG,CGATTGAGGCCGGTAATACGACTCACTATAGGGGTTCAGAGTTCTACAGTCCGACGATCNNNNNNTCCTTCTCTTTTTTTTTTTTTTTTTTTTTTTTV,81.4963226,25117.2832,247.877731,5131.92383,50.5433655,1276.83203,9016.69141
P136,H14,single cell,WT,e 14 Embryo,MPP2,RT1-278,TAGTCAGC,RPI9,GATCAG,CGATTGAGGCCGGTAATACGACTCACTATAGGGGTTCAGAGTTCTACAGTCCGACGATCNNNNNNTAGTCAGCTTTTTTTTTTTTTTTTTTTTTTTTV,1080.84851,38741.3789,-110.513145,6089.61572,-14.2709665,1694.46973,10256.1182
P136,H15,single cell,WT,e 14 Embryo,MPP2,RT1-279,ACGACATC,RPI9,GATCAG,CGATTGAGGCCGGTAATACGACTCACTATAGGGGTTCAGAGTTCTACAGTCCGACGATCNNNNNNACGACATCTTTTTTTTTTTTTTTTTTTTTTTTV,1828.151,35705.1953,-110.560738,8294.57715,77.9212341,1459.43225,14674.916
P136,H16,single cell,WT,e 14 Embryo,MPP2,RT1-280,GTTGTCAG,RPI9,GATCAG,CGATTGAGGCCGGTAATACGACTCACTATAGGGGTTCAGAGTTCTACAGTCCGACGATCNNNNNNGTTGTCAGTTTTTTTTTTTTTTTTTTTTTTTTV,749.679688,15801.0293,386.929901,5551.7876,133.699051,1427.09912,11752.2188
P136,H17,single cell,WT,e 14 Embryo,MPP2,RT1-281,CATGGTTG,RPI9,GATCAG,CGATTGAGGCCGGTAATACGACTCACTATAGGGGTTCAGAGTTCTACAGTCCGACGATCNNNNNNCATGGTTGTTTTTTTTTTTTTTTTTTTTTTTTV,616.466675,11243.2285,-110.508453,14473.0449,269.892975,6778.10547,5863.39551
P136,H18,single cell,WT,e 14 Embryo,MPP2,RT1-282,GCGTTGTA,RPI9,GATCAG,CGATTGAGGCCGGTAATACGACTCACTATAGGGGTTCAGAGTTCTACAGTCCGACGATCNNNNNNGCGTTGTATTTTTTTTTTTTTTTTTTTTTTTTV,870.110352,16667.2949,174.074219,7994.80469,-27.8601933,1303.86938,16006.1328
P136,H19,single cell,WT,e 14 Embryo,MPP2,RT1-283,GGAGTCTT,RPI9,GATCAG,CGATTGAGGCCGGTAATACGACTCACTATAGGGGTTCAGAGTTCTACAGTCCGACGATCNNNNNNGGAGTCTTTTTTTTTTTTTTTTTTTTTTTTTTV,205.226883,14990.0537,-40.436348,10684.8564,-86.2381592,1419.25818,2234.08789
P136,H20,single cell,WT,e 14 Embryo,MPP2,RT1-284,AACGCTGT,RPI9,GATCAG,CGATTGAGGCCGGTAATACGACTCACTATAGGGGTTCAGAGTTCTACAGTCCGACGATCNNNNNNAACGCTGTTTTTTTTTTTTTTTTTTTTTTTTTV,374.816925,14650.8994,262.407471,7345.66016,-52.6545944,1429.64307,9204.91211
P136,H21,single cell,WT,e 14 Embryo,MPP2,RT1-285,ACGAACTC,RPI9,GATCAG,CGATTGAGGCCGGTAATACGACTCACTATAGGGGTTCAGAGTTCTACAGTCCGACGATCNNNNNNACGAACTCTTTTTTTTTTTTTTTTTTTTTTTTV,-110.388062,33542.7656,28.7978191,10026.5938,-53.1075935,1458.97046,5641.80469
P136,H22,single cell,WT,e 14 Embryo,MPP2,RT1-286,CCTTCTTC,RPI9,GATCAG,CGATTGAGGCCGGTAATACGACTCACTATAGGGGTTCAGAGTTCTACAGTCCGACGATCNNNNNNCCTTCTTCTTTTTTTTTTTTTTTTTTTTTTTTV,449.487457,7290.60693,-110.386009,6507.50195,-69.4747543,1188.77417,13385.6094
P136,H23,single cell,WT,e 14 Embryo,MPP2,RT1-287,CATACGTG,RPI9,GATCAG,CGATTGAGGCCGGTAATACGACTCACTATAGGGGTTCAGAGTTCTACAGTCCGACGATCNNNNNNCATACGTGTTTTTTTTTTTTTTTTTTTTTTTTV,1030.74658,27900.6387,172.004959,6437.29639,74.8673477,1606.7251,2591.88281
P136,H24,single cell,WT,e 14 Embryo,MPP2,RT1-288,ACATTGGC,RPI9,GATCAG,CGATTGAGGCCGGTAATACGACTCACTATAGGGGTTCAGAGTTCTACAGTCCGACGATCNNNNNNACATTGGCTTTTTTTTTTTTTTTTTTTTTTTTV,1541.87781,29020.5,-110.519531,5105.32227,55.2037354,1258.53198,5132.97266
P136,I1,single cell,WT,e 14 Embryo,MPP2,RT1-289,ATTGGCGT,RPI9,GATCAG,CGATTGAGGCCGGTAATACGACTCACTATAGGGGTTCAGAGTTCTACAGTCCGACGATCNNNNNNATTGGCGTTTTTTTTTTTTTTTTTTTTTTTTTV,384.421661,13332.1523,-92.65400700000001,9860.03906,0.512965858,1200.12549,14111.6162
P136,I2,single cell,WT,e 14 Embryo,MPP2,RT1-290,CACAATCG,RPI9,GATCAG,CGATTGAGGCCGGTAATACGACTCACTATAGGGGTTCAGAGTTCTACAGTCCGACGATCNNNNNNCACAATCGTTTTTTTTTTTTTTTTTTTTTTTTV,-38.6164017,18142.5625,-110.46212,18434.0195,288.761536,2206.15063,4131.14014
P136,I3,single cell,WT,e 14 Embryo,MPP2,RT1-291,CTAGACCA,RPI9,GATCAG,CGATTGAGGCCGGTAATACGACTCACTATAGGGGTTCAGAGTTCTACAGTCCGACGATCNNNNNNCTAGACCATTTTTTTTTTTTTTTTTTTTTTTTV,-110.53331,13845.5371,338.95462,19401.9141,25.5804462,3531.78149,4427.68799
P136,I4,single cell,WT,e 14 Embryo,MPP2,RT1-292,TACGGATC,RPI9,GATCAG,CGATTGAGGCCGGTAATACGACTCACTATAGGGGTTCAGAGTTCTACAGTCCGACGATCNNNNNNTACGGATCTTTTTTTTTTTTTTTTTTTTTTTTV,48.0982437,15984.1533,159.192932,6479.80176,-10.239109,1373.53979,5827.94434
P136,I5,single cell,WT,e 14 Embryo,MPP2,RT1-293,AGCAACTC,RPI9,GATCAG,CGATTGAGGCCGGTAATACGACTCACTATAGGGGTTCAGAGTTCTACAGTCCGACGATCNNNNNNAGCAACTCTTTTTTTTTTTTTTTTTTTTTTTTV,766.208557,20522.6562,215.546921,12832.1699,-52.7536011,1552.28796,27602.748
P136,I6,single cell,WT,e 14 Embryo,MPP2,RT1-294,AAGTCGCT,RPI9,GATCAG,CGATTGAGGCCGGTAATACGACTCACTATAGGGGTTCAGAGTTCTACAGTCCGACGATCNNNNNNAAGTCGCTTTTTTTTTTTTTTTTTTTTTTTTTV,-11.9316788,25835.8027,165.699982,8136.82178,-46.7280922,18004.6855,2183.78467
P136,I7,single cell,WT,e 14 Embryo,MPP2,RT1-295,ACAGCACT,RPI9,GATCAG,CGATTGAGGCCGGTAATACGACTCACTATAGGGGTTCAGAGTTCTACAGTCCGACGATCNNNNNNACAGCACTTTTTTTTTTTTTTTTTTTTTTTTTV,1147.06006,6395.19189,-25.2591496,5611.34766,2.28576159,1349.32898,12873.8779
P136,I8,single cell,WT,e 14 Embryo,MPP2,RT1-296,ATCTACGG,RPI9,GATCAG,CGATTGAGGCCGGTAATACGACTCACTATAGGGGTTCAGAGTTCTACAGTCCGACGATCNNNNNNATCTACGGTTTTTTTTTTTTTTTTTTTTTTTTV,6.7594924,14598.7393,269.009735,9134.14453,-110.337181,1259.38318,12165.0918
P136,I9,single cell,WT,e 14 Embryo,MPP2,RT1-297,CTATAGGC,RPI9,GATCAG,CGATTGAGGCCGGTAATACGACTCACTATAGGGGTTCAGAGTTCTACAGTCCGACGATCNNNNNNCTATAGGCTTTTTTTTTTTTTTTTTTTTTTTTV,693.062744,27840.252,228.304047,5715.70068,-69.9111862,1752.18323,15697.4404
P136,I10,single cell,WT,e 14 Embryo,MPP2,RT1-298,AAGCTCCA,RPI9,GATCAG,CGATTGAGGCCGGTAATACGACTCACTATAGGGGTTCAGAGTTCTACAGTCCGACGATCNNNNNNAAGCTCCATTTTTTTTTTTTTTTTTTTTTTTTV,588.987854,23821.7676,98.2105255,13273.6504,-41.2688599,1532.06604,9435.28125
P136,I11,single cell,WT,e 14 Embryo,MPP2,RT1-299,CAATCCAG,RPI9,GATCAG,CGATTGAGGCCGGTAATACGACTCACTATAGGGGTTCAGAGTTCTACAGTCCGACGATCNNNNNNCAATCCAGTTTTTTTTTTTTTTTTTTTTTTTTV,398.606323,18732.8711,173.944427,7708.31689,43.6402702,1927.34985,6424.61133
P136,I12,single cell,WT,e 14 Embryo,MPP2,RT1-300,ATGCAGCT,RPI9,GATCAG,CGATTGAGGCCGGTAATACGACTCACTATAGGGGTTCAGAGTTCTACAGTCCGACGATCNNNNNNATGCAGCTTTTTTTTTTTTTTTTTTTTTTTTTV,-16.4598026,16556.084,-61.7547264,13513.7227,58.8557549,1810.43311,11138.0869
P136,I13,single cell,WT,e 14 Embryo,MPP2,RT1-301,AACCGTAC,RPI9,GATCAG,CGATTGAGGCCGGTAATACGACTCACTATAGGGGTTCAGAGTTCTACAGTCCGACGATCNNNNNNAACCGTACTTTTTTTTTTTTTTTTTTTTTTTTV,247.919525,32217.3633,-110.509773,7893.39062,-74.7340469,1407.47839,8087.27979
P136,I14,single cell,WT,e 14 Embryo,MPP2,RT1-302,CTCTCTCT,RPI9,GATCAG,CGATTGAGGCCGGTAATACGACTCACTATAGGGGTTCAGAGTTCTACAGTCCGACGATCNNNNNNCTCTCTCTTTTTTTTTTTTTTTTTTTTTTTTTV,353.258148,16095.0781,30.2249165,7255.31787,-50.1040535,1223.29834,16313.1719
P136,I15,single cell,WT,e 14 Embryo,MPP2,RT1-303,AGCCTAAC,RPI9,GATCAG,CGATTGAGGCCGGTAATACGACTCACTATAGGGGTTCAGAGTTCTACAGTCCGACGATCNNNNNNAGCCTAACTTTTTTTTTTTTTTTTTTTTTTTTV,1021.68634,25147,540.444336,6095.396,26.9079647,1383.99561,30741.9863
P136,I16,single cell,WT,e 14 Embryo,MPP2,RT1-304,CTAAGCCA,RPI9,GATCAG,CGATTGAGGCCGGTAATACGACTCACTATAGGGGTTCAGAGTTCTACAGTCCGACGATCNNNNNNCTAAGCCATTTTTTTTTTTTTTTTTTTTTTTTV,1317.6582,19566.0723,-110.375381,8972.77637,5.74034166,1502.45776,6024.27002
P136,I17,single cell,WT,e 14 Embryo,MPP2,RT1-305,AAGGAGGA,RPI9,GATCAG,CGATTGAGGCCGGTAATACGACTCACTATAGGGGTTCAGAGTTCTACAGTCCGACGATCNNNNNNAAGGAGGATTTTTTTTTTTTTTTTTTTTTTTTV,1559.99707,28982.6055,-110.511024,6561.97412,2.5436945,1503.89258,6843.07471
P136,I18,single cell,WT,e 14 Embryo,MPP2,RT1-306,GCAAGCTT,RPI9,GATCAG,CGATTGAGGCCGGTAATACGACTCACTATAGGGGTTCAGAGTTCTACAGTCCGACGATCNNNNNNGCAAGCTTTTTTTTTTTTTTTTTTTTTTTTTTV,-110.311882,17119.959,447.545471,15010.2881,-27.3768768,1471.15808,3720.62427
P136,I19,single cell,WT,e 14 Embryo,MPP2,RT1-307,CACAGTAC,RPI9,GATCAG,CGATTGAGGCCGGTAATACGACTCACTATAGGGGTTCAGAGTTCTACAGTCCGACGATCNNNNNNCACAGTACTTTTTTTTTTTTTTTTTTTTTTTTV,396.409729,10810.5283,134.394409,11123.8125,-81.7687302,1414.4198,9869.83984
P136,I20,single cell,WT,e 14 Embryo,MPP2,RT1-308,ATGCACCA,RPI9,GATCAG,CGATTGAGGCCGGTAATACGACTCACTATAGGGGTTCAGAGTTCTACAGTCCGACGATCNNNNNNATGCACCATTTTTTTTTTTTTTTTTTTTTTTTV,10.2398548,24811.1465,244.721802,6915.31543,-6.27362537,1197.74377,3569.82471
P136,I21,single cell,WT,e 14 Embryo,MPP2,RT1-309,GTGACACT,RPI9,GATCAG,CGATTGAGGCCGGTAATACGACTCACTATAGGGGTTCAGAGTTCTACAGTCCGACGATCNNNNNNGTGACACTTTTTTTTTTTTTTTTTTTTTTTTTV,-105.581627,21359.1484,145.329376,10137.001,-30.4196415,2049.52661,12980.3896
P136,I22,single cell,WT,e 14 Embryo,MPP2,RT1-310,ATTGCTGG,RPI9,GATCAG,CGATTGAGGCCGGTAATACGACTCACTATAGGGGTTCAGAGTTCTACAGTCCGACGATCNNNNNNATTGCTGGTTTTTTTTTTTTTTTTTTTTTTTTV,1703.61157,16537.7949,151.094482,20581.7656,331.755493,3669.84595,3567.43823
P136,I23,single cell,WT,e 14 Embryo,MPP2,RT1-311,TCGACCAA,RPI9,GATCAG,CGATTGAGGCCGGTAATACGACTCACTATAGGGGTTCAGAGTTCTACAGTCCGACGATCNNNNNNTCGACCAATTTTTTTTTTTTTTTTTTTTTTTTV,665.392029,6658.28027,456.294037,13184.0713,-93.3298035,1571.99963,33138.1562
P136,I24,single cell,WT,e 14 Embryo,MPP2,RT1-312,CGTAACTG,RPI9,GATCAG,CGATTGAGGCCGGTAATACGACTCACTATAGGGGTTCAGAGTTCTACAGTCCGACGATCNNNNNNCGTAACTGTTTTTTTTTTTTTTTTTTTTTTTTV,-110.40947,13204.1875,145.228317,7292.41113,-98.2249298,4258.93018,37666.5938
P136,J1,single cell,WT,e 14 Embryo,MPP2,RT1-313,CACTGCAA,RPI9,GATCAG,CGATTGAGGCCGGTAATACGACTCACTATAGGGGTTCAGAGTTCTACAGTCCGACGATCNNNNNNCACTGCAATTTTTTTTTTTTTTTTTTTTTTTTV,765.362854,10460.3252,351.450409,6352.15332,32.0237846,1277.08569,10991.0205
P136,J2,single cell,WT,e 14 Embryo,MPP2,RT1-314,CAAGACTC,RPI9,GATCAG,CGATTGAGGCCGGTAATACGACTCACTATAGGGGTTCAGAGTTCTACAGTCCGACGATCNNNNNNCAAGACTCTTTTTTTTTTTTTTTTTTTTTTTTV,1463.10608,15664.8145,176.720886,8245.7998,-46.6397896,1229.15466,8534.61035
P136,J3,single cell,WT,e 14 Embryo,MPP2,RT1-315,GTGCTCAA,RPI9,GATCAG,CGATTGAGGCCGGTAATACGACTCACTATAGGGGTTCAGAGTTCTACAGTCCGACGATCNNNNNNGTGCTCAATTTTTTTTTTTTTTTTTTTTTTTTV,602.728455,22842.5059,523.090576,8520.82129,-110.433372,1588.79675,2666.48535
P136,J4,single cell,WT,e 14 Embryo,MPP2,RT1-316,GGTGCATT,RPI9,GATCAG,CGATTGAGGCCGGTAATACGACTCACTATAGGGGTTCAGAGTTCTACAGTCCGACGATCNNNNNNGGTGCATTTTTTTTTTTTTTTTTTTTTTTTTTV,440.253601,9021.32031,73.8660507,11263.3057,-65.9690628,1565.62378,4066.64746
P136,J5,single cell,WT,e 14 Embryo,MPP2,RT1-317,GTGTGGTT,RPI9,GATCAG,CGATTGAGGCCGGTAATACGACTCACTATAGGGGTTCAGAGTTCTACAGTCCGACGATCNNNNNNGTGTGGTTTTTTTTTTTTTTTTTTTTTTTTTTV,281.74472,11764.0459,199.908218,8818.02344,6.41367388,1211.29761,18161.0918
P136,J6,single cell,WT,e 14 Embryo,MPP2,RT1-318,GCCAACTA,RPI9,GATCAG,CGATTGAGGCCGGTAATACGACTCACTATAGGGGTTCAGAGTTCTACAGTCCGACGATCNNNNNNGCCAACTATTTTTTTTTTTTTTTTTTTTTTTTV,316.229584,32242.1484,-35.4286995,7597.15625,-11.5387573,1318.96863,4519.72754
P136,J7,single cell,WT,e 14 Embryo,MPP2,RT1-319,TACTGTGG,RPI9,GATCAG,CGATTGAGGCCGGTAATACGACTCACTATAGGGGTTCAGAGTTCTACAGTCCGACGATCNNNNNNTACTGTGGTTTTTTTTTTTTTTTTTTTTTTTTV,822.844727,13673.374,143.711624,14594.9434,-110.480743,2254.87598,19993.3164
P136,J8,single cell,WT,e 14 Embryo,MPP2,RT1-320,CTACGACA,RPI9,GATCAG,CGATTGAGGCCGGTAATACGACTCACTATAGGGGTTCAGAGTTCTACAGTCCGACGATCNNNNNNCTACGACATTTTTTTTTTTTTTTTTTTTTTTTV,428.986694,33368.3633,-29.6118813,15063.9775,-110.394218,2049.90356,5142.66992
P136,J9,single cell,WT,e 14 Embryo,MPP2,RT1-321,TACCGAAC,RPI9,GATCAG,CGATTGAGGCCGGTAATACGACTCACTATAGGGGTTCAGAGTTCTACAGTCCGACGATCNNNNNNTACCGAACTTTTTTTTTTTTTTTTTTTTTTTTV,824.22583,24205.1562,377.822815,7719.60352,18.3321228,1438.65308,6711.16797
P136,J10,single cell,WT,e 14 Embryo,MPP2,RT1-322,AGGCCATT,RPI9,GATCAG,CGATTGAGGCCGGTAATACGACTCACTATAGGGGTTCAGAGTTCTACAGTCCGACGATCNNNNNNAGGCCATTTTTTTTTTTTTTTTTTTTTTTTTTV,473.103302,7988.04053,398.781281,12045.4268,-28.0041695,1402.73645,13265.8027
P136,J11,single cell,WT,e 14 Embryo,MPP2,RT1-323,CGACCTAA,RPI9,GATCAG,CGATTGAGGCCGGTAATACGACTCACTATAGGGGTTCAGAGTTCTACAGTCCGACGATCNNNNNNCGACCTAATTTTTTTTTTTTTTTTTTTTTTTTV,638.389709,8968.48926,59.7917976,7266.07959,15.9283438,1462.63708,15364.9473
P136,J12,single cell,WT,e 14 Embryo,MPP2,RT1-324,CTGTGAGT,RPI9,GATCAG,CGATTGAGGCCGGTAATACGACTCACTATAGGGGTTCAGAGTTCTACAGTCCGACGATCNNNNNNCTGTGAGTTTTTTTTTTTTTTTTTTTTTTTTTV,439.893188,22933.002,110.465492,17040.541,-99.2339401,2190.16162,22602.4355
P136,J13,single cell,WT,e 14 Embryo,MPP2,RT1-325,CAGACGTT,RPI9,GATCAG,CGATTGAGGCCGGTAATACGACTCACTATAGGGGTTCAGAGTTCTACAGTCCGACGATCNNNNNNCAGACGTTTTTTTTTTTTTTTTTTTTTTTTTTV,491.446228,9552.33594,381.411346,13475.1787,-77.5803986,1456.88489,13633.1641
P136,J14,single cell,WT,e 14 Embryo,MPP2,RT1-326,CGAATCCA,RPI9,GATCAG,CGATTGAGGCCGGTAATACGACTCACTATAGGGGTTCAGAGTTCTACAGTCCGACGATCNNNNNNCGAATCCATTTTTTTTTTTTTTTTTTTTTTTTV,-27.57757,12075.7188,492.269684,18611.8457,-110.35228,1869.28503,8085.86475
P136,J15,single cell,WT,e 14 Embryo,ST LSK,RT1-327,TCCATGAG,RPI9,GATCAG,CGATTGAGGCCGGTAATACGACTCACTATAGGGGTTCAGAGTTCTACAGTCCGACGATCNNNNNNTCCATGAGTTTTTTTTTTTTTTTTTTTTTTTTV,-49.8530579,10290.2695,230.763031,-110.582367,420.050568,30371.9375,483.753632
P136,J16,single cell,WT,e 14 Embryo,ST LSK,RT1-328,TCATGGTG,RPI9,GATCAG,CGATTGAGGCCGGTAATACGACTCACTATAGGGGTTCAGAGTTCTACAGTCCGACGATCNNNNNNTCATGGTGTTTTTTTTTTTTTTTTTTTTTTTTV,214.020767,11984.7021,242.456772,650.259705,286.162811,45354.5234,465.142792
P136,J17,single cell,WT,e 14 Embryo,ST LSK,RT1-329,CTAACACG,RPI9,GATCAG,CGATTGAGGCCGGTAATACGACTCACTATAGGGGTTCAGAGTTCTACAGTCCGACGATCNNNNNNCTAACACGTTTTTTTTTTTTTTTTTTTTTTTTV,123.747734,7258.05078,-59.9138069,1928.39563,-1.56202197,1301.22021,167.802872
P136,J18,single cell,WT,e 14 Embryo,ST LSK,RT1-330,TCTTCCTC,RPI9,GATCAG,CGATTGAGGCCGGTAATACGACTCACTATAGGGGTTCAGAGTTCTACAGTCCGACGATCNNNNNNTCTTCCTCTTTTTTTTTTTTTTTTTTTTTTTTV,61.83041,14989.4824,284.889221,395.511383,161.511612,6344.22119,629.820862
P136,J19,single cell,WT,e 14 Embryo,ST LSK,RT1-331,GCGTTAGT,RPI9,GATCAG,CGATTGAGGCCGGTAATACGACTCACTATAGGGGTTCAGAGTTCTACAGTCCGACGATCNNNNNNGCGTTAGTTTTTTTTTTTTTTTTTTTTTTTTTV,1126.49902,5746.0498,-47.9465065,486.583344,-72.9909897,1645.52722,166.396591
P136,J20,single cell,WT,e 14 Embryo,ST LSK,RT1-332,CTCCTCTT,RPI9,GATCAG,CGATTGAGGCCGGTAATACGACTCACTATAGGGGTTCAGAGTTCTACAGTCCGACGATCNNNNNNCTCCTCTTTTTTTTTTTTTTTTTTTTTTTTTTV,2078.29321,10963.9521,91.5370331,287.235748,-14.2960176,1247.66003,846.767212
P136,J21,single cell,WT,e 14 Embryo,ST LSK,RT1-333,CGCATGAT,RPI9,GATCAG,CGATTGAGGCCGGTAATACGACTCACTATAGGGGTTCAGAGTTCTACAGTCCGACGATCNNNNNNCGCATGATTTTTTTTTTTTTTTTTTTTTTTTTV,235.258652,27054.9727,-33.2191162,914.413147,136.719742,1244.98535,390.589966
P136,J22,single cell,WT,e 14 Embryo,ST LSK,RT1-334,GACCACTA,RPI9,GATCAG,CGATTGAGGCCGGTAATACGACTCACTATAGGGGTTCAGAGTTCTACAGTCCGACGATCNNNNNNGACCACTATTTTTTTTTTTTTTTTTTTTTTTTV,-59.7289276,11203.6152,175.794495,-110.337616,363.467957,46759.9375,770.047607
P136,J23,single cell,WT,e 14 Embryo,ST LSK,RT1-335,TATGGCTG,RPI9,GATCAG,CGATTGAGGCCGGTAATACGACTCACTATAGGGGTTCAGAGTTCTACAGTCCGACGATCNNNNNNTATGGCTGTTTTTTTTTTTTTTTTTTTTTTTTV,442.502441,14952.5127,10.4612427,262.058655,244.542053,3674.79614,598.526672
P136,J24,single cell,WT,e 14 Embryo,ST LSK,RT1-336,GCATGTAC,RPI9,GATCAG,CGATTGAGGCCGGTAATACGACTCACTATAGGGGTTCAGAGTTCTACAGTCCGACGATCNNNNNNGCATGTACTTTTTTTTTTTTTTTTTTTTTTTTV,1409.46704,15719.0049,367.292633,942.82782,148.970657,18349.291,584.095459
P136,K1,single cell,WT,e 14 Embryo,ST LSK,RT1-337,TCTCCTCT,RPI9,GATCAG,CGATTGAGGCCGGTAATACGACTCACTATAGGGGTTCAGAGTTCTACAGTCCGACGATCNNNNNNTCTCCTCTTTTTTTTTTTTTTTTTTTTTTTTTV,41.1212082,16446.8594,-110.335785,429.619049,331.667542,13305.3691,368.61673
P136,K2,single cell,WT,e 14 Embryo,ST LSK,RT1-338,ACCAACGT,RPI9,GATCAG,CGATTGAGGCCGGTAATACGACTCACTATAGGGGTTCAGAGTTCTACAGTCCGACGATCNNNNNNACCAACGTTTTTTTTTTTTTTTTTTTTTTTTTV,949.252808,31016.3125,175.046066,560.531067,139.131882,1193.59131,367.265411
P136,K3,single cell,WT,e 14 Embryo,ST LSK,RT1-339,GTAGTGTC,RPI9,GATCAG,CGATTGAGGCCGGTAATACGACTCACTATAGGGGTTCAGAGTTCTACAGTCCGACGATCNNNNNNGTAGTGTCTTTTTTTTTTTTTTTTTTTTTTTTV,1720.64832,15120.7783,-110.498482,582.619141,64.9889069,2646.84668,426.447113
P136,K4,single cell,WT,e 14 Embryo,ST LSK,RT1-340,TCTCAAGG,RPI9,GATCAG,CGATTGAGGCCGGTAATACGACTCACTATAGGGGTTCAGAGTTCTACAGTCCGACGATCNNNNNNTCTCAAGGTTTTTTTTTTTTTTTTTTTTTTTTV,370.686676,13204.1143,124.589668,1722.24841,27.9655113,1190.22021,374.786072
P136,K5,removed,,,,RT1-341,TATGGCCA,,,CGATTGAGGCCGGTAATACGACTCACTATAGGGGTTCAGAGTTCTACAGTCCGACGATCNNNNNNTATGGCCATTTTTTTTTTTTTTTTTTTTTTTTV,834.522217,10223.0459,403.56781,323.179047,47.801815,3508.35889,360.028076
P136,K6,removed,,,,RT1-342,TACACGTG,,,CGATTGAGGCCGGTAATACGACTCACTATAGGGGTTCAGAGTTCTACAGTCCGACGATCNNNNNNTACACGTGTTTTTTTTTTTTTTTTTTTTTTTTV,558.118652,12361.1875,413.509918,-110.451416,-14.1514301,27707.6699,395.561737
P136,K7,single cell,WT,e 14 Embryo,ST LSK,RT1-343,ACTTCAGG,RPI9,GATCAG,CGATTGAGGCCGGTAATACGACTCACTATAGGGGTTCAGAGTTCTACAGTCCGACGATCNNNNNNACTTCAGGTTTTTTTTTTTTTTTTTTTTTTTTV,-110.479645,21522.8027,-110.427582,1976.4502,99.8220291,5367.77246,588.132324
P136,K8,single cell,WT,e 14 Embryo,ST LSK,RT1-344,ACCACTGA,RPI9,GATCAG,CGATTGAGGCCGGTAATACGACTCACTATAGGGGTTCAGAGTTCTACAGTCCGACGATCNNNNNNACCACTGATTTTTTTTTTTTTTTTTTTTTTTTV,190.858475,6821.08398,381.682831,-47.3819847,36.6739464,2759.37085,113.610893
P136,K9,single cell,WT,e 14 Embryo,ST LSK,RT1-345,GCTCTGAA,RPI9,GATCAG,CGATTGAGGCCGGTAATACGACTCACTATAGGGGTTCAGAGTTCTACAGTCCGACGATCNNNNNNGCTCTGAATTTTTTTTTTTTTTTTTTTTTTTTV,-110.407936,18255.877,283.108368,315.894867,330.159851,31196.7598,704.322754
P136,K10,single cell,WT,e 14 Embryo,ST LSK,RT1-346,CAAGTGTC,RPI9,GATCAG,CGATTGAGGCCGGTAATACGACTCACTATAGGGGTTCAGAGTTCTACAGTCCGACGATCNNNNNNCAAGTGTCTTTTTTTTTTTTTTTTTTTTTTTTV,1020.21503,5956.88721,250.156631,2027.9502,50.8370361,1338.22021,350.91391
P136,K11,single cell,WT,e 14 Embryo,ST LSK,RT1-347,TGCATGGT,RPI9,GATCAG,CGATTGAGGCCGGTAATACGACTCACTATAGGGGTTCAGAGTTCTACAGTCCGACGATCNNNNNNTGCATGGTTTTTTTTTTTTTTTTTTTTTTTTTV,1175.4823,15494.998,-110.553772,2076.85449,288.332214,7236.27539,344.051605
P136,K12,single cell,WT,e 14 Embryo,ST LSK,RT1-348,GCAGTCAT,RPI9,GATCAG,CGATTGAGGCCGGTAATACGACTCACTATAGGGGTTCAGAGTTCTACAGTCCGACGATCNNNNNNGCAGTCATTTTTTTTTTTTTTTTTTTTTTTTTV,1074.36072,12038.6582,281.485474,316.416443,267.100037,17079.2207,326.917542
P136,K13,single cell,WT,e 14 Embryo,ST LSK,RT1-349,ACTACGGT,RPI9,GATCAG,CGATTGAGGCCGGTAATACGACTCACTATAGGGGTTCAGAGTTCTACAGTCCGACGATCNNNNNNACTACGGTTTTTTTTTTTTTTTTTTTTTTTTTV,512.278687,18225.6855,255.980545,2217.71582,138.463013,1278.94421,843.822632
P136,K14,single cell,WT,e 14 Embryo,ST LSK,RT1-350,AACTGTGC,RPI9,GATCAG,CGATTGAGGCCGGTAATACGACTCACTATAGGGGTTCAGAGTTCTACAGTCCGACGATCNNNNNNAACTGTGCTTTTTTTTTTTTTTTTTTTTTTTTV,-110.39576,17524.2383,-110.456322,2154.13501,7.93931007,1214.66406,429.196136
P136,K15,single cell,WT,e 14 Embryo,ST LSK,RT1-351,ACGCACTA,RPI9,GATCAG,CGATTGAGGCCGGTAATACGACTCACTATAGGGGTTCAGAGTTCTACAGTCCGACGATCNNNNNNACGCACTATTTTTTTTTTTTTTTTTTTTTTTTV,242.314697,11477.7051,340.389282,-110.526276,446.154266,31100.7168,887.554016
P136,K16,single cell,WT,e 14 Embryo,ST LSK,RT1-352,AGTCATGC,RPI9,GATCAG,CGATTGAGGCCGGTAATACGACTCACTATAGGGGTTCAGAGTTCTACAGTCCGACGATCNNNNNNAGTCATGCTTTTTTTTTTTTTTTTTTTTTTTTV,-48.46772,11505.9189,180.495911,-25.6732864,221.352493,10504.6777,361.391022
P136,K17,single cell,WT,e 14 Embryo,ST LSK,RT1-353,TGTATGGC,RPI9,GATCAG,CGATTGAGGCCGGTAATACGACTCACTATAGGGGTTCAGAGTTCTACAGTCCGACGATCNNNNNNTGTATGGCTTTTTTTTTTTTTTTTTTTTTTTTV,-110.58728,12249.6885,-110.32457,-110.525612,177.404251,19126.625,536.101624
P136,K18,single cell,WT,e 14 Embryo,ST LSK,RT1-354,GTGGTCTA,RPI9,GATCAG,CGATTGAGGCCGGTAATACGACTCACTATAGGGGTTCAGAGTTCTACAGTCCGACGATCNNNNNNGTGGTCTATTTTTTTTTTTTTTTTTTTTTTTTV,64.6456909,19852.5684,409.615265,1097.85474,103.105392,4990.11719,278.861084
P136,K19,single cell,WT,e 14 Embryo,ST LSK,RT1-355,AGTATCCG,RPI9,GATCAG,CGATTGAGGCCGGTAATACGACTCACTATAGGGGTTCAGAGTTCTACAGTCCGACGATCNNNNNNAGTATCCGTTTTTTTTTTTTTTTTTTTTTTTTV,2025.90356,13347.7324,328.838654,212.130188,137.473099,1260.65491,375.491821
P136,K20,single cell,WT,e 14 Embryo,ST LSK,RT1-356,TATTGCGG,RPI9,GATCAG,CGATTGAGGCCGGTAATACGACTCACTATAGGGGTTCAGAGTTCTACAGTCCGACGATCNNNNNNTATTGCGGTTTTTTTTTTTTTTTTTTTTTTTTV,1437.49841,31579.7559,-110.46373,2104.85791,81.9149094,1504.61047,491.244141
P136,K21,single cell,WT,e 14 Embryo,ST LSK,RT1-357,CGTAGCAT,RPI9,GATCAG,CGATTGAGGCCGGTAATACGACTCACTATAGGGGTTCAGAGTTCTACAGTCCGACGATCNNNNNNCGTAGCATTTTTTTTTTTTTTTTTTTTTTTTTV,74.9622421,15534.7881,207.083023,1724.57593,55.5452271,2307.8562,669.27002
P136,K22,single cell,WT,e 14 Embryo,ST LSK,RT1-358,ACCAAGTC,RPI9,GATCAG,CGATTGAGGCCGGTAATACGACTCACTATAGGGGTTCAGAGTTCTACAGTCCGACGATCNNNNNNACCAAGTCTTTTTTTTTTTTTTTTTTTTTTTTV,1221.9707,32501.2793,-98.7947388,1207.65576,175.416473,2211.10156,380.885406
P136,K23,single cell,WT,e 14 Embryo,ST LSK,RT1-359,CGTGATGT,RPI9,GATCAG,CGATTGAGGCCGGTAATACGACTCACTATAGGGGTTCAGAGTTCTACAGTCCGACGATCNNNNNNCGTGATGTTTTTTTTTTTTTTTTTTTTTTTTTV,-110.371269,9898.92188,134.578735,-110.540352,101.380478,3245.70239,321.98819
P136,K24,single cell,WT,e 14 Embryo,ST LSK,RT1-360,CCATCGAA,RPI9,GATCAG,CGATTGAGGCCGGTAATACGACTCACTATAGGGGTTCAGAGTTCTACAGTCCGACGATCNNNNNNCCATCGAATTTTTTTTTTTTTTTTTTTTTTTTV,-110.583244,12344.3281,-57.285778,347.562927,437.028809,17631.1699,469.316284
P136,L1,single cell,WT,e 14 Embryo,ST LSK,RT1-361,CTAGGATC,RPI9,GATCAG,CGATTGAGGCCGGTAATACGACTCACTATAGGGGTTCAGAGTTCTACAGTCCGACGATCNNNNNNCTAGGATCTTTTTTTTTTTTTTTTTTTTTTTTV,865.264709,14102.292,103.804214,295.447083,67.4715576,1184.28833,463.986786
P136,L2,single cell,WT,e 14 Embryo,ST LSK,RT1-362,ACACGCAT,RPI9,GATCAG,CGATTGAGGCCGGTAATACGACTCACTATAGGGGTTCAGAGTTCTACAGTCCGACGATCNNNNNNACACGCATTTTTTTTTTTTTTTTTTTTTTTTTV,476.791046,7599.48047,119.59623,107.766457,-110.35067,1313.93994,-83.967308
P136,L3,single cell,WT,e 14 Embryo,ST LSK,RT1-363,TGCGGATT,RPI9,GATCAG,CGATTGAGGCCGGTAATACGACTCACTATAGGGGTTCAGAGTTCTACAGTCCGACGATCNNNNNNTGCGGATTTTTTTTTTTTTTTTTTTTTTTTTTV,-110.347885,13599.876,-110.494598,-110.503838,465.832184,17225.9668,426.58429
P136,L4,single cell,WT,e 14 Embryo,ST LSK,RT1-364,CGACCATA,RPI9,GATCAG,CGATTGAGGCCGGTAATACGACTCACTATAGGGGTTCAGAGTTCTACAGTCCGACGATCNNNNNNCGACCATATTTTTTTTTTTTTTTTTTTTTTTTV,-110.578041,5684.02539,-85.9495316,325.913849,242.205048,1822.76477,198.659882
P136,L5,single cell,WT,e 14 Embryo,ST LSK,RT1-365,TCGCACAA,RPI9,GATCAG,CGATTGAGGCCGGTAATACGACTCACTATAGGGGTTCAGAGTTCTACAGTCCGACGATCNNNNNNTCGCACAATTTTTTTTTTTTTTTTTTTTTTTTV,1261.95068,12057.4463,342.297729,247.809845,-59.0318604,3705.07251,451.955902
P136,L6,single cell,WT,e 14 Embryo,ST LSK,RT1-366,AGCTGTTG,RPI9,GATCAG,CGATTGAGGCCGGTAATACGACTCACTATAGGGGTTCAGAGTTCTACAGTCCGACGATCNNNNNNAGCTGTTGTTTTTTTTTTTTTTTTTTTTTTTTV,1928.04736,12509.4111,278.48996,1258.14441,235.601807,3142.20752,505.25351
P136,L7,single cell,WT,e 14 Embryo,ST LSK,RT1-367,GAACTTCG,RPI9,GATCAG,CGATTGAGGCCGGTAATACGACTCACTATAGGGGTTCAGAGTTCTACAGTCCGACGATCNNNNNNGAACTTCGTTTTTTTTTTTTTTTTTTTTTTTTV,576.296875,14758.5479,-46.6026344,-110.481255,85.4898148,2813.24902,335.525299
P136,L8,single cell,WT,e 14 Embryo,ST LSK,RT1-368,TGGTGATC,RPI9,GATCAG,CGATTGAGGCCGGTAATACGACTCACTATAGGGGTTCAGAGTTCTACAGTCCGACGATCNNNNNNTGGTGATCTTTTTTTTTTTTTTTTTTTTTTTTV,116.384071,5836.14697,475.113312,225.881195,36.3382454,2479.50562,244.80867
P136,L9,single cell,WT,e 14 Embryo,ST LSK,RT1-369,CGATAGCT,RPI9,GATCAG,CGATTGAGGCCGGTAATACGACTCACTATAGGGGTTCAGAGTTCTACAGTCCGACGATCNNNNNNCGATAGCTTTTTTTTTTTTTTTTTTTTTTTTTV,1531.84558,16090.5918,10.1776056,268.393951,84.5864029,2781.23682,944.308594
P136,L10,single cell,WT,e 14 Embryo,ST LSK,RT1-370,ATCCGCAA,RPI9,GATCAG,CGATTGAGGCCGGTAATACGACTCACTATAGGGGTTCAGAGTTCTACAGTCCGACGATCNNNNNNATCCGCAATTTTTTTTTTTTTTTTTTTTTTTTV,530.541016,10879.2061,352.300964,712.322754,299.165131,8314.91992,493.548157
P136,L11,single cell,WT,e 14 Embryo,ST LSK,RT1-371,CGCTAGTA,RPI9,GATCAG,CGATTGAGGCCGGTAATACGACTCACTATAGGGGTTCAGAGTTCTACAGTCCGACGATCNNNNNNCGCTAGTATTTTTTTTTTTTTTTTTTTTTTTTV,36.7683411,9112.04785,198.272171,87.7063751,11.7239847,27798.6523,464.412842
P136,L12,single cell,WT,e 14 Embryo,ST LSK,RT1-372,CGCAACAT,RPI9,GATCAG,CGATTGAGGCCGGTAATACGACTCACTATAGGGGTTCAGAGTTCTACAGTCCGACGATCNNNNNNCGCAACATTTTTTTTTTTTTTTTTTTTTTTTTV,1625.59741,11171.1641,211.643265,1788.26514,44.9627228,1202.60413,504.820618
P136,L13,single cell,WT,e 14 Embryo,ST LSK,RT1-373,GACCTACA,RPI9,GATCAG,CGATTGAGGCCGGTAATACGACTCACTATAGGGGTTCAGAGTTCTACAGTCCGACGATCNNNNNNGACCTACATTTTTTTTTTTTTTTTTTTTTTTTV,-110.502518,12418.96,-0.234743893,982.852539,263.722198,19955.7227,665.955566
P136,L14,single cell,WT,e 14 Embryo,ST LSK,RT1-374,AGGAAGGA,RPI9,GATCAG,CGATTGAGGCCGGTAATACGACTCACTATAGGGGTTCAGAGTTCTACAGTCCGACGATCNNNNNNAGGAAGGATTTTTTTTTTTTTTTTTTTTTTTTV,480.757751,12125.8184,296.911804,640.847961,122.163055,5680.52148,469.000092
P136,L15,single cell,WT,e 14 Embryo,ST LSK,RT1-375,CAACATGC,RPI9,GATCAG,CGATTGAGGCCGGTAATACGACTCACTATAGGGGTTCAGAGTTCTACAGTCCGACGATCNNNNNNCAACATGCTTTTTTTTTTTTTTTTTTTTTTTTV,-110.358002,8649.88574,472.532257,-110.354332,449.551178,4094.34766,827.14679
P136,L16,single cell,WT,e 14 Embryo,ST LSK,RT1-376,CCAATAGC,RPI9,GATCAG,CGATTGAGGCCGGTAATACGACTCACTATAGGGGTTCAGAGTTCTACAGTCCGACGATCNNNNNNCCAATAGCTTTTTTTTTTTTTTTTTTTTTTTTV,1804.70496,14876.252,-110.322731,1297.17761,-31.418829,1477.42236,357.034668
P136,L17,single cell,WT,e 14 Embryo,ST LSK,RT1-377,TCGAGTTG,RPI9,GATCAG,CGATTGAGGCCGGTAATACGACTCACTATAGGGGTTCAGAGTTCTACAGTCCGACGATCNNNNNNTCGAGTTGTTTTTTTTTTTTTTTTTTTTTTTTV,148.088226,10830.1914,398.389618,-64.2034454,215.414429,9059.05664,251.78125
P136,L18,single cell,WT,e 14 Embryo,ST LSK,RT1-378,GCGCAATT,RPI9,GATCAG,CGATTGAGGCCGGTAATACGACTCACTATAGGGGTTCAGAGTTCTACAGTCCGACGATCNNNNNNGCGCAATTTTTTTTTTTTTTTTTTTTTTTTTTV,,,,,,,
P136,L19,single cell,WT,e 14 Embryo,ST LSK,RT1-379,ACCATGTG,RPI9,GATCAG,CGATTGAGGCCGGTAATACGACTCACTATAGGGGTTCAGAGTTCTACAGTCCGACGATCNNNNNNACCATGTGTTTTTTTTTTTTTTTTTTTTTTTTV,-110.30455,8610.46094,-81.1361389,1185.83472,72.2031174,2343.36011,486.831299
P136,L20,single cell,WT,e 14 Embryo,ST LSK,RT1-380,CACACTAG,RPI9,GATCAG,CGATTGAGGCCGGTAATACGACTCACTATAGGGGTTCAGAGTTCTACAGTCCGACGATCNNNNNNCACACTAGTTTTTTTTTTTTTTTTTTTTTTTTV,-73.398674,16213.6816,-46.0505791,67.6411057,426.773102,6112.92285,576.222961
P136,L21,single cell,WT,e 14 Embryo,ST LSK,RT1-381,TGCAATGC,RPI9,GATCAG,CGATTGAGGCCGGTAATACGACTCACTATAGGGGTTCAGAGTTCTACAGTCCGACGATCNNNNNNTGCAATGCTTTTTTTTTTTTTTTTTTTTTTTTV,482.771606,13521.8936,74.2679672,996.644165,86.6607971,8369.87891,502.90921
P136,L22,single cell,WT,e 14 Embryo,ST LSK,RT1-382,GCAATGTC,RPI9,GATCAG,CGATTGAGGCCGGTAATACGACTCACTATAGGGGTTCAGAGTTCTACAGTCCGACGATCNNNNNNGCAATGTCTTTTTTTTTTTTTTTTTTTTTTTTV,562.836853,5831.31494,93.2526703,1990.2533,-9.23921871,1214.16162,425.710724
P136,L23,single cell,WT,e 14 Embryo,ST LSK,RT1-383,TGGTCTGA,RPI9,GATCAG,CGATTGAGGCCGGTAATACGACTCACTATAGGGGTTCAGAGTTCTACAGTCCGACGATCNNNNNNTGGTCTGATTTTTTTTTTTTTTTTTTTTTTTTV,1042.46021,14386.8877,-95.5882721,207.055954,115.260513,1226.67993,309.511749
P136,L24,single cell,WT,e 14 Embryo,ST LSK,RT1-384,GTCATGTG,RPI9,GATCAG,CGATTGAGGCCGGTAATACGACTCACTATAGGGGTTCAGAGTTCTACAGTCCGACGATCNNNNNNGTCATGTGTTTTTTTTTTTTTTTTTTTTTTTTV,571.903442,6326.93408,390.919647,-4.19027424,91.7824783,3395.3645,338.031616
P136,M1,single cell,WT,e 14 Embryo,ST LSK,RT1-385,GTCATGCA,RPI9,GATCAG,CGATTGAGGCCGGTAATACGACTCACTATAGGGGTTCAGAGTTCTACAGTCCGACGATCNNNNNNGTCATGCATTTTTTTTTTTTTTTTTTTTTTTTV,2012.1073,12261.2412,-110.345978,1706.2085,205.731064,1340.71875,205.829849
P136,M2,single cell,WT,e 14 Embryo,ST LSK,RT1-386,GGTACACT,RPI9,GATCAG,CGATTGAGGCCGGTAATACGACTCACTATAGGGGTTCAGAGTTCTACAGTCCGACGATCNNNNNNGGTACACTTTTTTTTTTTTTTTTTTTTTTTTTV,-110.497314,8492.50098,77.135994,-110.40918,361.245361,39310.9297,210.261246
P136,M3,single cell,WT,e 14 Embryo,ST LSK,RT1-387,TCAAGCAC,RPI9,GATCAG,CGATTGAGGCCGGTAATACGACTCACTATAGGGGTTCAGAGTTCTACAGTCCGACGATCNNNNNNTCAAGCACTTTTTTTTTTTTTTTTTTTTTTTTV,739.637756,6899.57275,50.5541534,624.540771,-20.5863113,3943.53369,237.658661
P136,M4,single cell,WT,e 14 Embryo,ST LSK,RT1-388,GCAAGTTC,RPI9,GATCAG,CGATTGAGGCCGGTAATACGACTCACTATAGGGGTTCAGAGTTCTACAGTCCGACGATCNNNNNNGCAAGTTCTTTTTTTTTTTTTTTTTTTTTTTTV,2000.63586,9241.01953,211.675568,2122.89917,175.06041,1457.51318,251.418076
P136,M5,single cell,WT,e 14 Embryo,ST LSK,RT1-389,GGTATCGT,RPI9,GATCAG,CGATTGAGGCCGGTAATACGACTCACTATAGGGGTTCAGAGTTCTACAGTCCGACGATCNNNNNNGGTATCGTTTTTTTTTTTTTTTTTTTTTTTTTV,687.61261,9002.67676,151.727188,2222.25366,39.0888138,1490.13,71.0972443
P136,M6,single cell,WT,e 14 Embryo,ST LSK,RT1-390,ATGTCCAG,RPI9,GATCAG,CGATTGAGGCCGGTAATACGACTCACTATAGGGGTTCAGAGTTCTACAGTCCGACGATCNNNNNNATGTCCAGTTTTTTTTTTTTTTTTTTTTTTTTV,-110.44371,26.4154472,972.312012,162.204926,64.9221039,260.635834,40.5280228
P136,M7,single cell,WT,e 14 Embryo,ST LSK,RT1-391,ACTCTGAG,RPI9,GATCAG,CGATTGAGGCCGGTAATACGACTCACTATAGGGGTTCAGAGTTCTACAGTCCGACGATCNNNNNNACTCTGAGTTTTTTTTTTTTTTTTTTTTTTTTV,636.550537,10296.752,398.138062,-110.320976,191.825363,59345.2188,918.941895
P136,M8,single cell,WT,e 14 Embryo,ST LSK,RT1-392,GGCCAATT,RPI9,GATCAG,CGATTGAGGCCGGTAATACGACTCACTATAGGGGTTCAGAGTTCTACAGTCCGACGATCNNNNNNGGCCAATTTTTTTTTTTTTTTTTTTTTTTTTTV,684.151123,13423.1367,379.797852,352.08609,45.771637,6080.59961,427.317261
P136,M9,single cell,WT,e 14 Embryo,ST LSK,RT1-393,CATTGTGG,RPI9,GATCAG,CGATTGAGGCCGGTAATACGACTCACTATAGGGGTTCAGAGTTCTACAGTCCGACGATCNNNNNNCATTGTGGTTTTTTTTTTTTTTTTTTTTTTTTV,236.036133,5674.18408,-110.505669,1854.60461,98.0469742,2538.91357,313.053833
P136,M10,single cell,WT,e 14 Embryo,ST LSK,RT1-394,GATTGGTC,RPI9,GATCAG,CGATTGAGGCCGGTAATACGACTCACTATAGGGGTTCAGAGTTCTACAGTCCGACGATCNNNNNNGATTGGTCTTTTTTTTTTTTTTTTTTTTTTTTV,-110.488297,11509.5176,464.1203,-110.443054,75.0753937,58684.1016,563.54187
P136,M11,single cell,WT,e 14 Embryo,ST LSK,RT1-395,TCAGGCAT,RPI9,GATCAG,CGATTGAGGCCGGTAATACGACTCACTATAGGGGTTCAGAGTTCTACAGTCCGACGATCNNNNNNTCAGGCATTTTTTTTTTTTTTTTTTTTTTTTTV,295.772675,10719.1416,245.292557,-110.543945,-74.0742035,35166.3984,329.190094
P136,M12,single cell,WT,e 14 Embryo,ST LSK,RT1-396,TGCGGTTA,RPI9,GATCAG,CGATTGAGGCCGGTAATACGACTCACTATAGGGGTTCAGAGTTCTACAGTCCGACGATCNNNNNNTGCGGTTATTTTTTTTTTTTTTTTTTTTTTTTV,779.560913,24283.6406,87.9178619,1923.48425,-13.6842604,1289.91077,625.550903
P136,M13,single cell,WT,e 14 Embryo,ST LSK,RT1-397,GACATGCT,RPI9,GATCAG,CGATTGAGGCCGGTAATACGACTCACTATAGGGGTTCAGAGTTCTACAGTCCGACGATCNNNNNNGACATGCTTTTTTTTTTTTTTTTTTTTTTTTTV,-110.497017,8006.6543,-103.323395,241.478165,216.949005,22676.8672,384.130859
P136,M14,single cell,WT,e 14 Embryo,ST LSK,RT1-398,TAAGCTGC,RPI9,GATCAG,CGATTGAGGCCGGTAATACGACTCACTATAGGGGTTCAGAGTTCTACAGTCCGACGATCNNNNNNTAAGCTGCTTTTTTTTTTTTTTTTTTTTTTTTV,271.098541,19203.3145,20.0564194,903.092834,432.674683,7275.23486,902.997864
P136,M15,single cell,WT,e 14 Embryo,ST LSK,RT1-399,AGCGTATC,RPI9,GATCAG,CGATTGAGGCCGGTAATACGACTCACTATAGGGGTTCAGAGTTCTACAGTCCGACGATCNNNNNNAGCGTATCTTTTTTTTTTTTTTTTTTTTTTTTV,-110.361008,19303.2695,397.700684,749.495239,-2.78676987,2514.56494,414.309265
P136,M16,single cell,WT,e 14 Embryo,ST LSK,RT1-400,ATTGCCGA,RPI9,GATCAG,CGATTGAGGCCGGTAATACGACTCACTATAGGGGTTCAGAGTTCTACAGTCCGACGATCNNNNNNATTGCCGATTTTTTTTTTTTTTTTTTTTTTTTV,1053.77551,6415.43701,72.9101181,131.082687,30.6307697,1337.49927,199.70546
P136,M17,single cell,WT,e 14 Embryo,LT LSK,RT1-401,TAGGTTGC,RPI9,GATCAG,CGATTGAGGCCGGTAATACGACTCACTATAGGGGTTCAGAGTTCTACAGTCCGACGATCNNNNNNTAGGTTGCTTTTTTTTTTTTTTTTTTTTTTTTV,-110.502808,19782.5176,-110.374573,1806.61694,-28.1709194,3083.00806,2658.81885
P136,M18,single cell,WT,e 14 Embryo,LT LSK,RT1-402,TGGCAACT,RPI9,GATCAG,CGATTGAGGCCGGTAATACGACTCACTATAGGGGTTCAGAGTTCTACAGTCCGACGATCNNNNNNTGGCAACTTTTTTTTTTTTTTTTTTTTTTTTTV,385.557129,13063.1738,-26.3875732,248.449783,-0.734122157,13648.7334,2136.30933
P136,M19,single cell,WT,e 14 Embryo,LT LSK,RT1-403,GCATCTAG,RPI9,GATCAG,CGATTGAGGCCGGTAATACGACTCACTATAGGGGTTCAGAGTTCTACAGTCCGACGATCNNNNNNGCATCTAGTTTTTTTTTTTTTTTTTTTTTTTTV,-64.951622,15012.6445,40.2692108,973.412598,89.3324738,25724.1816,1936.5199
P136,M20,single cell,WT,e 14 Embryo,LT LSK,RT1-404,GCCAATTG,RPI9,GATCAG,CGATTGAGGCCGGTAATACGACTCACTATAGGGGTTCAGAGTTCTACAGTCCGACGATCNNNNNNGCCAATTGTTTTTTTTTTTTTTTTTTTTTTTTV,537.386597,11987.1055,26.8143501,368.923889,427.896606,12258.2637,2599.98511
P136,M21,single cell,WT,e 14 Embryo,LT LSK,RT1-405,TGCCAGAT,RPI9,GATCAG,CGATTGAGGCCGGTAATACGACTCACTATAGGGGTTCAGAGTTCTACAGTCCGACGATCNNNNNNTGCCAGATTTTTTTTTTTTTTTTTTTTTTTTTV,-110.306534,12786.8369,-84.0285873,365.475616,441.592712,12151.8262,3981.89478
P136,M22,single cell,WT,e 14 Embryo,LT LSK,RT1-406,TAGCGTCA,RPI9,GATCAG,CGATTGAGGCCGGTAATACGACTCACTATAGGGGTTCAGAGTTCTACAGTCCGACGATCNNNNNNTAGCGTCATTTTTTTTTTTTTTTTTTTTTTTTV,176.872238,11714.3555,121.028259,215.495071,265.692108,1374.23193,1906.53516
P136,M23,single cell,WT,e 14 Embryo,LT LSK,RT1-407,ACCAAGCT,RPI9,GATCAG,CGATTGAGGCCGGTAATACGACTCACTATAGGGGTTCAGAGTTCTACAGTCCGACGATCNNNNNNACCAAGCTTTTTTTTTTTTTTTTTTTTTTTTTV,781.416748,16351.3516,-72.2051544,169.690262,290.131226,13753.2188,7429.93799
P136,M24,single cell,WT,e 14 Embryo,LT LSK,RT1-408,AGCATGTC,RPI9,GATCAG,CGATTGAGGCCGGTAATACGACTCACTATAGGGGTTCAGAGTTCTACAGTCCGACGATCNNNNNNAGCATGTCTTTTTTTTTTTTTTTTTTTTTTTTV,-9.97052574,13043.752,223.214249,901.816711,-7.40470123,2220.52075,9680.30664
P136,N1,single cell,WT,e 14 Embryo,LT LSK,RT1-409,GCGCTTAA,RPI9,GATCAG,CGATTGAGGCCGGTAATACGACTCACTATAGGGGTTCAGAGTTCTACAGTCCGACGATCNNNNNNGCGCTTAATTTTTTTTTTTTTTTTTTTTTTTTV,366.087555,12503.1035,147.275177,103.326225,92.622818,25893.5117,15520.5605
P136,N2,single cell,WT,e 14 Embryo,LT LSK,RT1-410,GTTACCGA,RPI9,GATCAG,CGATTGAGGCCGGTAATACGACTCACTATAGGGGTTCAGAGTTCTACAGTCCGACGATCNNNNNNGTTACCGATTTTTTTTTTTTTTTTTTTTTTTTV,328.497803,15785.1494,-34.6220627,-74.4257584,124.243073,15699.917,2391.7146
P136,N3,single cell,WT,e 14 Embryo,LT LSK,RT1-411,GGACTTGT,RPI9,GATCAG,CGATTGAGGCCGGTAATACGACTCACTATAGGGGTTCAGAGTTCTACAGTCCGACGATCNNNNNNGGACTTGTTTTTTTTTTTTTTTTTTTTTTTTTV,13.8588495,13692.6895,54.2848701,1175.85315,379.325623,2524.94531,3405.22046
P136,N4,single cell,WT,e 14 Embryo,LT LSK,RT1-412,TGACCATG,RPI9,GATCAG,CGATTGAGGCCGGTAATACGACTCACTATAGGGGTTCAGAGTTCTACAGTCCGACGATCNNNNNNTGACCATGTTTTTTTTTTTTTTTTTTTTTTTTV,44.3088303,19482.9219,-110.371346,2059.36157,58.0174599,3792.79736,9851.49707
P136,N5,single cell,WT,e 14 Embryo,LT LSK,RT1-413,ACCGTGAT,RPI9,GATCAG,CGATTGAGGCCGGTAATACGACTCACTATAGGGGTTCAGAGTTCTACAGTCCGACGATCNNNNNNACCGTGATTTTTTTTTTTTTTTTTTTTTTTTTV,189.069733,9453.05859,-6.03160238,1884.07629,359.058533,13245.627,8429.41895
P136,N6,single cell,WT,e 14 Embryo,LT LSK,RT1-414,ATGCAGTC,RPI9,GATCAG,CGATTGAGGCCGGTAATACGACTCACTATAGGGGTTCAGAGTTCTACAGTCCGACGATCNNNNNNATGCAGTCTTTTTTTTTTTTTTTTTTTTTTTTV,538.032593,11779.2266,147.56015,-110.340843,32.0695267,20710.3008,3344.66382
P136,N7,single cell,WT,e 14 Embryo,LT LSK,RT1-415,CGTAGTGT,RPI9,GATCAG,CGATTGAGGCCGGTAATACGACTCACTATAGGGGTTCAGAGTTCTACAGTCCGACGATCNNNNNNCGTAGTGTTTTTTTTTTTTTTTTTTTTTTTTTV,-60.4397736,9385.03223,300.45282,83.3391876,346.869873,41922.2773,5013.66895
P136,N8,single cell,WT,e 14 Embryo,LT LSK,RT1-416,AGGTTCAC,RPI9,GATCAG,CGATTGAGGCCGGTAATACGACTCACTATAGGGGTTCAGAGTTCTACAGTCCGACGATCNNNNNNAGGTTCACTTTTTTTTTTTTTTTTTTTTTTTTV,178.340332,10642.7559,208.790787,-3.21299958,198.069351,10307.6514,3554.87085
P136,N9,single cell,WT,e 14 Embryo,LT LSK,RT1-417,TGGTTGCA,RPI9,GATCAG,CGATTGAGGCCGGTAATACGACTCACTATAGGGGTTCAGAGTTCTACAGTCCGACGATCNNNNNNTGGTTGCATTTTTTTTTTTTTTTTTTTTTTTTV,-110.373909,15512.2275,-101.452003,165.579605,115.337723,27979.4336,3338.70215
P136,N10,single cell,WT,e 14 Embryo,LT LSK,RT1-418,TAGCCGAT,RPI9,GATCAG,CGATTGAGGCCGGTAATACGACTCACTATAGGGGTTCAGAGTTCTACAGTCCGACGATCNNNNNNTAGCCGATTTTTTTTTTTTTTTTTTTTTTTTTV,-79.4766235,12197.4004,-110.331383,-110.57019,268.189392,7374.96582,2145.99609
P136,N11,single cell,WT,e 14 Embryo,LT LSK,RT1-419,CAGTACCA,RPI9,GATCAG,CGATTGAGGCCGGTAATACGACTCACTATAGGGGTTCAGAGTTCTACAGTCCGACGATCNNNNNNCAGTACCATTTTTTTTTTTTTTTTTTTTTTTTV,171.333603,12483.6318,21.4147892,-110.514175,-8.18254185,7453.78955,10514.8281
P136,N12,single cell,WT,e 14 Embryo,LT LSK,RT1-420,CAATTGGC,RPI9,GATCAG,CGATTGAGGCCGGTAATACGACTCACTATAGGGGTTCAGAGTTCTACAGTCCGACGATCNNNNNNCAATTGGCTTTTTTTTTTTTTTTTTTTTTTTTV,218.519302,11738.4785,-71.1894531,544.859375,64.0289536,12627.4316,2011.55444
P136,N13,single cell,WT,e 14 Embryo,LT LSK,RT1-421,TGCTAGGT,RPI9,GATCAG,CGATTGAGGCCGGTAATACGACTCACTATAGGGGTTCAGAGTTCTACAGTCCGACGATCNNNNNNTGCTAGGTTTTTTTTTTTTTTTTTTTTTTTTTV,-110.572174,20316.9316,202.495773,144.79007,-76.2648392,7984.78027,7788.77686
P136,N14,single cell,WT,e 14 Embryo,LT LSK,RT1-422,AACGTCAC,RPI9,GATCAG,CGATTGAGGCCGGTAATACGACTCACTATAGGGGTTCAGAGTTCTACAGTCCGACGATCNNNNNNAACGTCACTTTTTTTTTTTTTTTTTTTTTTTTV,92.861618,8337.5293,223.699265,1178.05249,53.4689026,1687.97632,30794.5273
P136,N15,single cell,WT,e 14 Embryo,LT LSK,RT1-423,CCGATGTA,RPI9,GATCAG,CGATTGAGGCCGGTAATACGACTCACTATAGGGGTTCAGAGTTCTACAGTCCGACGATCNNNNNNCCGATGTATTTTTTTTTTTTTTTTTTTTTTTTV,1521.72656,46952.7031,-13.3738594,1998.82068,43.1687889,1176.13403,2164.07153
P136,N16,single cell,WT,e 14 Embryo,LT LSK,RT1-424,GGTTAGCT,RPI9,GATCAG,CGATTGAGGCCGGTAATACGACTCACTATAGGGGTTCAGAGTTCTACAGTCCGACGATCNNNNNNGGTTAGCTTTTTTTTTTTTTTTTTTTTTTTTTV,454.11676,18447.6562,40.3775291,2104.99414,19.4265022,3223.8103,3128.32349
P136,N17,single cell,WT,e 14 Embryo,LT LSK,RT1-425,GTCAGTAC,RPI9,GATCAG,CGATTGAGGCCGGTAATACGACTCACTATAGGGGTTCAGAGTTCTACAGTCCGACGATCNNNNNNGTCAGTACTTTTTTTTTTTTTTTTTTTTTTTTV,-110.44738,14302.4336,-26.1028214,186.453445,461.76651,22202.5078,3040.6311
P136,N18,single cell,WT,e 14 Embryo,LT LSK,RT1-426,CAATCGGT,RPI9,GATCAG,CGATTGAGGCCGGTAATACGACTCACTATAGGGGTTCAGAGTTCTACAGTCCGACGATCNNNNNNCAATCGGTTTTTTTTTTTTTTTTTTTTTTTTTV,613.170776,10699.4941,337.415955,-110.535583,19.7721863,1540.96179,14071.0391
P136,N19,single cell,WT,e 14 Embryo,LT LSK,RT1-427,GCGTGTAT,RPI9,GATCAG,CGATTGAGGCCGGTAATACGACTCACTATAGGGGTTCAGAGTTCTACAGTCCGACGATCNNNNNNGCGTGTATTTTTTTTTTTTTTTTTTTTTTTTTV,458.71402,10328.166,-110.305214,448.949738,40.3864021,4842.89453,7032.49854
P136,N20,single cell,WT,e 14 Embryo,LT LSK,RT1-428,GCATGTGT,RPI9,GATCAG,CGATTGAGGCCGGTAATACGACTCACTATAGGGGTTCAGAGTTCTACAGTCCGACGATCNNNNNNGCATGTGTTTTTTTTTTTTTTTTTTTTTTTTTV,1629.84973,32360.3887,514.697815,2208.79883,78.4904327,1214.66052,3593.29883
P136,N21,single cell,WT,e 14 Embryo,LT LSK,RT1-429,GTTGAGTC,RPI9,GATCAG,CGATTGAGGCCGGTAATACGACTCACTATAGGGGTTCAGAGTTCTACAGTCCGACGATCNNNNNNGTTGAGTCTTTTTTTTTTTTTTTTTTTTTTTTV,192.476425,10467.8135,262.24469,491.301025,378.947205,25627.1172,4067.84302
P136,N22,single cell,WT,e 14 Embryo,LT LSK,RT1-430,CACTACAG,RPI9,GATCAG,CGATTGAGGCCGGTAATACGACTCACTATAGGGGTTCAGAGTTCTACAGTCCGACGATCNNNNNNCACTACAGTTTTTTTTTTTTTTTTTTTTTTTTV,435.639038,15202.2236,117.387871,-26.161314,464.046753,5903.51172,2861.62256
P136,N23,single cell,WT,e 14 Embryo,LT LSK,RT1-431,GTATGGTC,RPI9,GATCAG,CGATTGAGGCCGGTAATACGACTCACTATAGGGGTTCAGAGTTCTACAGTCCGACGATCNNNNNNGTATGGTCTTTTTTTTTTTTTTTTTTTTTTTTV,-66.576767,10933.9785,-110.408669,-68.3566437,-87.3581772,10891.6152,2105.96167
P136,N24,single cell,WT,e 14 Embryo,LT LSK,RT1-432,TCGCTGAA,RPI9,GATCAG,CGATTGAGGCCGGTAATACGACTCACTATAGGGGTTCAGAGTTCTACAGTCCGACGATCNNNNNNTCGCTGAATTTTTTTTTTTTTTTTTTTTTTTTV,-110.581337,7660.86816,168.808578,192.932877,14.2274351,9915.94629,1948.21582
P136,O1,single cell,WT,e 14 Embryo,LT LSK,RT1-433,CTCAAGAC,RPI9,GATCAG,CGATTGAGGCCGGTAATACGACTCACTATAGGGGTTCAGAGTTCTACAGTCCGACGATCNNNNNNCTCAAGACTTTTTTTTTTTTTTTTTTTTTTTTV,580.638123,21354.1758,71.2423096,-110.583244,79.0890045,48178.6836,8645.3252
P136,O2,single cell,WT,e 14 Embryo,LT LSK,RT1-434,GCCATGAT,RPI9,GATCAG,CGATTGAGGCCGGTAATACGACTCACTATAGGGGTTCAGAGTTCTACAGTCCGACGATCNNNNNNGCCATGATTTTTTTTTTTTTTTTTTTTTTTTTV,197.823227,11595.7197,-110.53038,-37.3307037,93.6476364,20254.1992,2739.44702
P136,O3,single cell,WT,e 14 Embryo,LT LSK,RT1-435,ATTGTGGC,RPI9,GATCAG,CGATTGAGGCCGGTAATACGACTCACTATAGGGGTTCAGAGTTCTACAGTCCGACGATCNNNNNNATTGTGGCTTTTTTTTTTTTTTTTTTTTTTTTV,350.558441,19359.3281,215.150436,-110.547173,310.862427,19348.2734,4427.42773
P136,O4,single cell,WT,e 14 Embryo,LT LSK,RT1-436,AGCACTTG,RPI9,GATCAG,CGATTGAGGCCGGTAATACGACTCACTATAGGGGTTCAGAGTTCTACAGTCCGACGATCNNNNNNAGCACTTGTTTTTTTTTTTTTTTTTTTTTTTTV,-110.430077,12277.6797,229.432693,330.251007,407.564087,35072.0664,12295.4746
P136,O5,single cell,WT,e 14 Embryo,LT LSK,RT1-437,TCACACGA,RPI9,GATCAG,CGATTGAGGCCGGTAATACGACTCACTATAGGGGTTCAGAGTTCTACAGTCCGACGATCNNNNNNTCACACGATTTTTTTTTTTTTTTTTTTTTTTTV,-110.506111,17845.5293,122.945366,410.478973,-10.6761084,4311.61328,35941.9219
P136,O6,single cell,WT,e 14 Embryo,LT LSK,RT1-438,CCACTAAG,RPI9,GATCAG,CGATTGAGGCCGGTAATACGACTCACTATAGGGGTTCAGAGTTCTACAGTCCGACGATCNNNNNNCCACTAAGTTTTTTTTTTTTTTTTTTTTTTTTV,-110.454056,16153.4961,206.789719,1597.99109,86.5512161,2253.70801,8054.25098
P136,O7,single cell,WT,e 14 Embryo,LT LSK,RT1-439,TACCGTGA,RPI9,GATCAG,CGATTGAGGCCGGTAATACGACTCACTATAGGGGTTCAGAGTTCTACAGTCCGACGATCNNNNNNTACCGTGATTTTTTTTTTTTTTTTTTTTTTTTV,570.049988,18447.9629,409.28186,-110.355141,293.417694,8694.59961,2288.91138
P136,O8,single cell,WT,e 14 Embryo,LT LSK,RT1-440,GCCATCAA,RPI9,GATCAG,CGATTGAGGCCGGTAATACGACTCACTATAGGGGTTCAGAGTTCTACAGTCCGACGATCNNNNNNGCCATCAATTTTTTTTTTTTTTTTTTTTTTTTV,558.976074,32016.5605,26.3355675,1745.78772,30.4095364,1296.03345,7015.02246
P136,O9,single cell,WT,e 14 Embryo,LT LSK,RT1-441,GGCTATCA,RPI9,GATCAG,CGATTGAGGCCGGTAATACGACTCACTATAGGGGTTCAGAGTTCTACAGTCCGACGATCNNNNNNGGCTATCATTTTTTTTTTTTTTTTTTTTTTTTV,-110.424797,12938.0635,276.367462,1736.55103,346.712555,4188.97168,5501.5835
P136,O10,single cell,WT,e 14 Embryo,LT LSK,RT1-442,GGTCCAAT,RPI9,GATCAG,CGATTGAGGCCGGTAATACGACTCACTATAGGGGTTCAGAGTTCTACAGTCCGACGATCNNNNNNGGTCCAATTTTTTTTTTTTTTTTTTTTTTTTTV,347.808716,10477.9131,-110.356682,-110.446869,240.368347,11548.6787,1550.73279
P136,O11,single cell,WT,e 14 Embryo,LT LSK,RT1-443,GTGAGTTC,RPI9,GATCAG,CGATTGAGGCCGGTAATACGACTCACTATAGGGGTTCAGAGTTCTACAGTCCGACGATCNNNNNNGTGAGTTCTTTTTTTTTTTTTTTTTTTTTTTTV,239.839417,15567.5947,-87.9914627,514.038696,-98.9704056,15881.4951,3621.40942
P136,O12,single cell,WT,e 14 Embryo,LT LSK,RT1-444,ATGGTCCA,RPI9,GATCAG,CGATTGAGGCCGGTAATACGACTCACTATAGGGGTTCAGAGTTCTACAGTCCGACGATCNNNNNNATGGTCCATTTTTTTTTTTTTTTTTTTTTTTTV,-110.476639,16387.6406,1.31383264,131.628387,-54.0447121,16206.5527,5629.12158
P136,O13,single cell,WT,e 14 Embryo,LT LSK,RT1-445,GGAAGAAG,RPI9,GATCAG,CGATTGAGGCCGGTAATACGACTCACTATAGGGGTTCAGAGTTCTACAGTCCGACGATCNNNNNNGGAAGAAGTTTTTTTTTTTTTTTTTTTTTTTTV,-110.463074,14354.4297,-110.393486,-110.300079,216.178665,5874.38037,6397.94678
P136,O14,single cell,WT,e 14 Embryo,LT LSK,RT1-446,GAGACCTT,RPI9,GATCAG,CGATTGAGGCCGGTAATACGACTCACTATAGGGGTTCAGAGTTCTACAGTCCGACGATCNNNNNNGAGACCTTTTTTTTTTTTTTTTTTTTTTTTTTV,-49.5743828,13227.1309,-18.9327812,179.941711,163.043121,10259.041,2360.94458
P136,O15,single cell,WT,e 14 Embryo,LT LSK,RT1-447,AGCTCATG,RPI9,GATCAG,CGATTGAGGCCGGTAATACGACTCACTATAGGGGTTCAGAGTTCTACAGTCCGACGATCNNNNNNAGCTCATGTTTTTTTTTTTTTTTTTTTTTTTTV,8.50751495,10801.8828,-110.485504,576.422424,40.8862724,3559.30811,11479.8125
P136,O16,single cell,WT,e 14 Embryo,LT LSK,RT1-448,CTCACAGA,RPI9,GATCAG,CGATTGAGGCCGGTAATACGACTCACTATAGGGGTTCAGAGTTCTACAGTCCGACGATCNNNNNNCTCACAGATTTTTTTTTTTTTTTTTTTTTTTTV,527.794067,19869.2656,203.181335,-110.484627,336.17038,52164.6055,3214.28589
P136,O17,single cell,WT,e 14 Embryo,LT LSK,RT1-449,GAATCCAC,RPI9,GATCAG,CGATTGAGGCCGGTAATACGACTCACTATAGGGGTTCAGAGTTCTACAGTCCGACGATCNNNNNNGAATCCACTTTTTTTTTTTTTTTTTTTTTTTTV,-104.186501,14514.3018,424.83551,76.1766052,-50.4282455,11919.8193,5828.83301
P136,O18,single cell,WT,e 14 Embryo,LT LSK,RT1-450,CGTCGATA,RPI9,GATCAG,CGATTGAGGCCGGTAATACGACTCACTATAGGGGTTCAGAGTTCTACAGTCCGACGATCNNNNNNCGTCGATATTTTTTTTTTTTTTTTTTTTTTTTV,-110.43499,11610.499,288.124207,1953.16821,162.415619,3993.19385,2570.55713
P136,O19,single cell,WT,e 14 Embryo,LT LSK,RT1-451,TCCAGTGA,RPI9,GATCAG,CGATTGAGGCCGGTAATACGACTCACTATAGGGGTTCAGAGTTCTACAGTCCGACGATCNNNNNNTCCAGTGATTTTTTTTTTTTTTTTTTTTTTTTV,1374.47327,24757.3496,166.603149,786.89624,15.756321,1193.56494,1661.34509
P136,O20,single cell,WT,e 14 Embryo,LT LSK,RT1-452,CGCAATAC,RPI9,GATCAG,CGATTGAGGCCGGTAATACGACTCACTATAGGGGTTCAGAGTTCTACAGTCCGACGATCNNNNNNCGCAATACTTTTTTTTTTTTTTTTTTTTTTTTV,1494.66614,17383.0078,-110.500755,1375.12805,104.742378,1838.42969,1749.68311
P136,O21,single cell,WT,e 14 Embryo,LT LSK,RT1-453,AGTGTCTG,RPI9,GATCAG,CGATTGAGGCCGGTAATACGACTCACTATAGGGGTTCAGAGTTCTACAGTCCGACGATCNNNNNNAGTGTCTGTTTTTTTTTTTTTTTTTTTTTTTTV,792.986145,10476.7715,384.092285,1222.30701,-12.6629725,1317.45447,18955.9824
P136,O22,single cell,WT,e 14 Embryo,LT LSK,RT1-454,CAACTAGC,RPI9,GATCAG,CGATTGAGGCCGGTAATACGACTCACTATAGGGGTTCAGAGTTCTACAGTCCGACGATCNNNNNNCAACTAGCTTTTTTTTTTTTTTTTTTTTTTTTV,502.289337,9396.70801,223.32634,463.136536,20.368927,4700.59717,2621.26953
P136,O23,single cell,WT,e 14 Embryo,LT LSK,RT1-455,ATACCACG,RPI9,GATCAG,CGATTGAGGCCGGTAATACGACTCACTATAGGGGTTCAGAGTTCTACAGTCCGACGATCNNNNNNATACCACGTTTTTTTTTTTTTTTTTTTTTTTTV,82.9494095,10797.7051,18.6141624,-110.490196,-18.9238739,49792.2031,1718.40808
P136,O24,single cell,WT,e 14 Embryo,LT LSK,RT1-456,TAGGCTGT,RPI9,GATCAG,CGATTGAGGCCGGTAATACGACTCACTATAGGGGTTCAGAGTTCTACAGTCCGACGATCNNNNNNTAGGCTGTTTTTTTTTTTTTTTTTTTTTTTTTV,-110.553253,7283.99707,120.780701,-110.544167,76.5119095,26779.8867,1597.97046
P136,P1,HPR - empty,,,,,,,,,,,,,,,
P136,P2,HPR - empty,,,,,,,,,,,,,,,
P136,P3,single cell,WT,e 14 Embryo,LT LSK,RT1-459,ACGCCATA,RPI9,GATCAG,CGATTGAGGCCGGTAATACGACTCACTATAGGGGTTCAGAGTTCTACAGTCCGACGATCNNNNNNACGCCATATTTTTTTTTTTTTTTTTTTTTTTTV,1758.47937,22829.5996,-96.979599,404.677582,46.0442924,1256.79919,2015.69263
P136,P4,single cell,WT,e 14 Embryo,LT LSK,RT1-460,TACAGCGT,RPI9,GATCAG,CGATTGAGGCCGGTAATACGACTCACTATAGGGGTTCAGAGTTCTACAGTCCGACGATCNNNNNNTACAGCGTTTTTTTTTTTTTTTTTTTTTTTTTV,-95.6997757,11990.7217,116.980911,1448.45056,292.308685,34546.3398,2785.88501
P136,P5,single cell,WT,e 14 Embryo,LT LSK,RT1-461,GGTGATTC,RPI9,GATCAG,CGATTGAGGCCGGTAATACGACTCACTATAGGGGTTCAGAGTTCTACAGTCCGACGATCNNNNNNGGTGATTCTTTTTTTTTTTTTTTTTTTTTTTTV,342.125061,18214.4453,-78.6675797,727.173645,274.070068,4426.43066,1871.79175
P136,P6,single cell,WT,e 14 Embryo,LT LSK,RT1-462,TAGGCCAT,RPI9,GATCAG,CGATTGAGGCCGGTAATACGACTCACTATAGGGGTTCAGAGTTCTACAGTCCGACGATCNNNNNNTAGGCCATTTTTTTTTTTTTTTTTTTTTTTTTV,-110.320457,17722.1426,-110.323097,-110.486023,-56.7740135,43228.1094,2039.03882
P136,P7,single cell,WT,e 14 Embryo,LT LSK,RT1-463,TGCAGACT,RPI9,GATCAG,CGATTGAGGCCGGTAATACGACTCACTATAGGGGTTCAGAGTTCTACAGTCCGACGATCNNNNNNTGCAGACTTTTTTTTTTTTTTTTTTTTTTTTTV,-110.539398,13268.2178,-110.359978,-110.540276,-102.709991,24318.4883,23357.957
P136,P8,single cell,WT,e 14 Embryo,LT LSK,RT1-464,GAGAGAAG,RPI9,GATCAG,CGATTGAGGCCGGTAATACGACTCACTATAGGGGTTCAGAGTTCTACAGTCCGACGATCNNNNNNGAGAGAAGTTTTTTTTTTTTTTTTTTTTTTTTV,143.401031,10683.6201,65.8302689,524.110596,-55.924324,9703.20801,2370.95605
P136,P9,single cell,WT,e 14 Embryo,LT LSK,RT1-465,CTACGAAC,RPI9,GATCAG,CGATTGAGGCCGGTAATACGACTCACTATAGGGGTTCAGAGTTCTACAGTCCGACGATCNNNNNNCTACGAACTTTTTTTTTTTTTTTTTTTTTTTTV,131.34642,11558.1406,-110.541374,881.687134,-30.4972992,3535.03564,21119.2246
P136,P10,single cell,WT,e 14 Embryo,LT LSK,RT1-466,AACACCAC,RPI9,GATCAG,CGATTGAGGCCGGTAATACGACTCACTATAGGGGTTCAGAGTTCTACAGTCCGACGATCNNNNNNAACACCACTTTTTTTTTTTTTTTTTTTTTTTTV,-110.409912,10042.1582,24.6306515,2014.9054,-34.2914391,22108.9707,10153.8359
P136,P11,single cell,WT,e 14 Embryo,LT LSK,RT1-467,ACGTATCG,RPI9,GATCAG,CGATTGAGGCCGGTAATACGACTCACTATAGGGGTTCAGAGTTCTACAGTCCGACGATCNNNNNNACGTATCGTTTTTTTTTTTTTTTTTTTTTTTTV,375.292358,12237.4102,112.046577,682.951965,126.743286,8269.0127,3744.37378
P136,P12,single cell,WT,e 14 Embryo,LT LSK,RT1-468,ACACTCGA,RPI9,GATCAG,CGATTGAGGCCGGTAATACGACTCACTATAGGGGTTCAGAGTTCTACAGTCCGACGATCNNNNNNACACTCGATTTTTTTTTTTTTTTTTTTTTTTTV,212.449036,11393.418,-93.6373215,831.764526,38.3263588,2801.41089,7727.47998
P136,P13,single cell,WT,e 14 Embryo,LT LSK,RT1-469,GTACATCG,RPI9,GATCAG,CGATTGAGGCCGGTAATACGACTCACTATAGGGGTTCAGAGTTCTACAGTCCGACGATCNNNNNNGTACATCGTTTTTTTTTTTTTTTTTTTTTTTTV,-110.538155,11912.2041,-110.424797,128.862854,306.135071,11213.0625,1816.96277
P136,P14,single cell,WT,e 14 Embryo,LT LSK,RT1-470,GCTTGATG,RPI9,GATCAG,CGATTGAGGCCGGTAATACGACTCACTATAGGGGTTCAGAGTTCTACAGTCCGACGATCNNNNNNGCTTGATGTTTTTTTTTTTTTTTTTTTTTTTTV,397.366364,11876.2549,44.1073837,721.395935,424.372681,12589.751,3693.91797
P136,P15,single cell,WT,e 14 Embryo,LT LSK,RT1-471,TCGAGACT,RPI9,GATCAG,CGATTGAGGCCGGTAATACGACTCACTATAGGGGTTCAGAGTTCTACAGTCCGACGATCNNNNNNTCGAGACTTTTTTTTTTTTTTTTTTTTTTTTTV,-110.365555,12307.0762,107.376862,364.851074,249.262512,29847.0605,3186.48755
P136,P16,single cell,WT,e 14 Embryo,LT LSK,RT1-472,CTGGTATG,RPI9,GATCAG,CGATTGAGGCCGGTAATACGACTCACTATAGGGGTTCAGAGTTCTACAGTCCGACGATCNNNNNNCTGGTATGTTTTTTTTTTTTTTTTTTTTTTTTV,-110.393272,9237.22168,-110.502373,504.994293,259.160034,2581.2251,3123.12109
P136,P17,single cell,WT,e 14 Embryo,LT LSK,RT1-473,GTCACGTA,RPI9,GATCAG,CGATTGAGGCCGGTAATACGACTCACTATAGGGGTTCAGAGTTCTACAGTCCGACGATCNNNNNNGTCACGTATTTTTTTTTTTTTTTTTTTTTTTTV,-110.539986,10997.1562,238.905045,990.429077,-94.5063782,7436.81836,15470.9883
P136,P18,single cell,WT,e 14 Embryo,LT LSK,RT1-474,ACGTGTGT,RPI9,GATCAG,CGATTGAGGCCGGTAATACGACTCACTATAGGGGTTCAGAGTTCTACAGTCCGACGATCNNNNNNACGTGTGTTTTTTTTTTTTTTTTTTTTTTTTTV,-110.546875,15637.5459,214.401703,122.59948,365.03241,6062.5542,5192.02539
P136,P19,single cell,WT,e 14 Embryo,LT LSK,RT1-475,TCAGCGTA,RPI9,GATCAG,CGATTGAGGCCGGTAATACGACTCACTATAGGGGTTCAGAGTTCTACAGTCCGACGATCNNNNNNTCAGCGTATTTTTTTTTTTTTTTTTTTTTTTTV,-37.8315468,12010.8838,-110.360718,1581.03699,-31.9202003,15754.3564,2761.83325
P136,P20,single cell,WT,e 14 Embryo,LT LSK,RT1-476,AGAAGAGG,RPI9,GATCAG,CGATTGAGGCCGGTAATACGACTCACTATAGGGGTTCAGAGTTCTACAGTCCGACGATCNNNNNNAGAAGAGGTTTTTTTTTTTTTTTTTTTTTTTTV,,,,,,,
P136,P21,Removed,,,,RT1-477,TATCCGGA,,,CGATTGAGGCCGGTAATACGACTCACTATAGGGGTTCAGAGTTCTACAGTCCGACGATCNNNNNNTATCCGGATTTTTTTTTTTTTTTTTTTTTTTTV,,,,,,,
P136,P22,Negative_control,,No cell,,RT1-478,ACGACTCA,RPI9,GATCAG,CGATTGAGGCCGGTAATACGACTCACTATAGGGGTTCAGAGTTCTACAGTCCGACGATCNNNNNNACGACTCATTTTTTTTTTTTTTTTTTTTTTTTV,,,,,,,
P136,P23,HPR - empty,,,,,,,,,,,,,,,
P136,P24,HPR - empty,,,,,,,,,,,,,,,
