"","plate_number","well_position","sample_type","sample_name","sample_gate","c_rt1_primer_name","rd1_index_cell_index_index_sequence_as_in_c_rt1_primer","illumina_index_index_number_separate_index_read","illumina_index_index_sequence_separate_index_read","rt1_index_primer_sequences"
"1","LCE508","A3","Single cell","Cell line","P5",99,"GGTCTATG","PRI-1","ATCACG","CGATTGAGGCCGGTAATACGACTCACTATAGGGGTTCAGAGTTCTACAGTCCGACGATCNNNNNNGGTCTATGTTTTTTTTTTTTTTTTTTTTTTTTV"
"2","LCE508","A4","Single cell","Cell line","P5",100,"GTCCGAAT","PRI-1","ATCACG","CGATTGAGGCCGGTAATACGACTCACTATAGGGGTTCAGAGTTCTACAGTCCGACGATCNNNNNNGTCCGAATTTTTTTTTTTTTTTTTTTTTTTTTV"
"3","LCE508","A5","Single cell","Cell line","P5",101,"TAGTGCGT","PRI-1","ATCACG","CGATTGAGGCCGGTAATACGACTCACTATAGGGGTTCAGAGTTCTACAGTCCGACGATCNNNNNNTAGTGCGTTTTTTTTTTTTTTTTTTTTTTTTTV"
"4","LCE508","A6","Single cell","Cell line","P5",102,"GACTGTAC","PRI-1","ATCACG","CGATTGAGGCCGGTAATACGACTCACTATAGGGGTTCAGAGTTCTACAGTCCGACGATCNNNNNNGACTGTACTTTTTTTTTTTTTTTTTTTTTTTTV"
"5","LCE508","A7","Single cell","Cell line","P5",103,"TCCAGTAG","PRI-1","ATCACG","CGATTGAGGCCGGTAATACGACTCACTATAGGGGTTCAGAGTTCTACAGTCCGACGATCNNNNNNTCCAGTAGTTTTTTTTTTTTTTTTTTTTTTTTV"
"6","LCE508","A8","Single cell","Cell line","P5",104,"AGCGTTGT","PRI-1","ATCACG","CGATTGAGGCCGGTAATACGACTCACTATAGGGGTTCAGAGTTCTACAGTCCGACGATCNNNNNNAGCGTTGTTTTTTTTTTTTTTTTTTTTTTTTTV"
"7","LCE508","A9","Single cell","Cell line","P5",105,"GATGCGTT","PRI-1","ATCACG","CGATTGAGGCCGGTAATACGACTCACTATAGGGGTTCAGAGTTCTACAGTCCGACGATCNNNNNNGATGCGTTTTTTTTTTTTTTTTTTTTTTTTTTV"
"8","LCE508","A10","Single cell","Cell line","P5",106,"CCGTTAAG","PRI-1","ATCACG","CGATTGAGGCCGGTAATACGACTCACTATAGGGGTTCAGAGTTCTACAGTCCGACGATCNNNNNNCCGTTAAGTTTTTTTTTTTTTTTTTTTTTTTTV"
"9","LCE508","A11","Single cell","Cell line","P5",107,"CAAGCCAT","PRI-1","ATCACG","CGATTGAGGCCGGTAATACGACTCACTATAGGGGTTCAGAGTTCTACAGTCCGACGATCNNNNNNCAAGCCATTTTTTTTTTTTTTTTTTTTTTTTTV"
"10","LCE508","A12","Single cell","Cell line","P5",108,"CTCCAAGA","PRI-1","ATCACG","CGATTGAGGCCGGTAATACGACTCACTATAGGGGTTCAGAGTTCTACAGTCCGACGATCNNNNNNCTCCAAGATTTTTTTTTTTTTTTTTTTTTTTTV"
"11","LCE508","A13","Single cell","Thymus 2","P5",109,"CTGCGTAA","PRI-1","ATCACG","CGATTGAGGCCGGTAATACGACTCACTATAGGGGTTCAGAGTTCTACAGTCCGACGATCNNNNNNCTGCGTAATTTTTTTTTTTTTTTTTTTTTTTTV"
"12","LCE508","A14","Single cell","Thymus 2","P5",110,"GTCCAACA","PRI-1","ATCACG","CGATTGAGGCCGGTAATACGACTCACTATAGGGGTTCAGAGTTCTACAGTCCGACGATCNNNNNNGTCCAACATTTTTTTTTTTTTTTTTTTTTTTTV"
"13","LCE508","A15","Single cell","Thymus 2","P5",111,"ACTTGTGG","PRI-1","ATCACG","CGATTGAGGCCGGTAATACGACTCACTATAGGGGTTCAGAGTTCTACAGTCCGACGATCNNNNNNACTTGTGGTTTTTTTTTTTTTTTTTTTTTTTTV"
"14","LCE508","A16","Single cell","Thymus 2","P5",112,"AGCTCTGA","PRI-1","ATCACG","CGATTGAGGCCGGTAATACGACTCACTATAGGGGTTCAGAGTTCTACAGTCCGACGATCNNNNNNAGCTCTGATTTTTTTTTTTTTTTTTTTTTTTTV"
"15","LCE508","A17","Single cell","Thymus 2","P5",113,"GCATTAGC","PRI-1","ATCACG","CGATTGAGGCCGGTAATACGACTCACTATAGGGGTTCAGAGTTCTACAGTCCGACGATCNNNNNNGCATTAGCTTTTTTTTTTTTTTTTTTTTTTTTV"
"16","LCE508","A18","Single cell","Thymus 2","P5",114,"CCTATGAG","PRI-1","ATCACG","CGATTGAGGCCGGTAATACGACTCACTATAGGGGTTCAGAGTTCTACAGTCCGACGATCNNNNNNCCTATGAGTTTTTTTTTTTTTTTTTTTTTTTTV"
"17","LCE508","A19","Single cell","Thymus 2","P5",115,"CAACGCTA","PRI-1","ATCACG","CGATTGAGGCCGGTAATACGACTCACTATAGGGGTTCAGAGTTCTACAGTCCGACGATCNNNNNNCAACGCTATTTTTTTTTTTTTTTTTTTTTTTTV"
"18","LCE508","A20","Single cell","Thymus 2","P5",116,"GCATAGTC","PRI-1","ATCACG","CGATTGAGGCCGGTAATACGACTCACTATAGGGGTTCAGAGTTCTACAGTCCGACGATCNNNNNNGCATAGTCTTTTTTTTTTTTTTTTTTTTTTTTV"
"19","LCE508","A21","Single cell","Thymus 2","P5",117,"TAGGTCAC","PRI-1","ATCACG","CGATTGAGGCCGGTAATACGACTCACTATAGGGGTTCAGAGTTCTACAGTCCGACGATCNNNNNNTAGGTCACTTTTTTTTTTTTTTTTTTTTTTTTV"
"20","LCE508","A22","Single cell","Thymus 2","P5",118,"ACTCAAGC","PRI-1","ATCACG","CGATTGAGGCCGGTAATACGACTCACTATAGGGGTTCAGAGTTCTACAGTCCGACGATCNNNNNNACTCAAGCTTTTTTTTTTTTTTTTTTTTTTTTV"
"21","LCE508","B1","Single cell","Thymus 2","P5",121,"GACTACTG","PRI-1","ATCACG","CGATTGAGGCCGGTAATACGACTCACTATAGGGGTTCAGAGTTCTACAGTCCGACGATCNNNNNNGACTACTGTTTTTTTTTTTTTTTTTTTTTTTTV"
"22","LCE508","B2","Single cell","Thymus 2","P5",122,"AGTCTTGG","PRI-1","ATCACG","CGATTGAGGCCGGTAATACGACTCACTATAGGGGTTCAGAGTTCTACAGTCCGACGATCNNNNNNAGTCTTGGTTTTTTTTTTTTTTTTTTTTTTTTV"
"23","LCE508","B3","Single cell","Thymus 2","P5",123,"AGCAGCTT","PRI-1","ATCACG","CGATTGAGGCCGGTAATACGACTCACTATAGGGGTTCAGAGTTCTACAGTCCGACGATCNNNNNNAGCAGCTTTTTTTTTTTTTTTTTTTTTTTTTTV"
"24","LCE508","B4","Single cell","Thymus 2","P5",124,"TCACAGAC","PRI-1","ATCACG","CGATTGAGGCCGGTAATACGACTCACTATAGGGGTTCAGAGTTCTACAGTCCGACGATCNNNNNNTCACAGACTTTTTTTTTTTTTTTTTTTTTTTTV"
"25","LCE508","B5","Single cell","Thymus 2","P5",125,"CCTGTAAG","PRI-1","ATCACG","CGATTGAGGCCGGTAATACGACTCACTATAGGGGTTCAGAGTTCTACAGTCCGACGATCNNNNNNCCTGTAAGTTTTTTTTTTTTTTTTTTTTTTTTV"
"26","LCE508","B6","Single cell","Thymus 2","P5",126,"ATGACTGC","PRI-1","ATCACG","CGATTGAGGCCGGTAATACGACTCACTATAGGGGTTCAGAGTTCTACAGTCCGACGATCNNNNNNATGACTGCTTTTTTTTTTTTTTTTTTTTTTTTV"
"27","LCE508","B7","Single cell","Thymus 2","P5",127,"CTCTCCTT","PRI-1","ATCACG","CGATTGAGGCCGGTAATACGACTCACTATAGGGGTTCAGAGTTCTACAGTCCGACGATCNNNNNNCTCTCCTTTTTTTTTTTTTTTTTTTTTTTTTTV"
"28","LCE508","B8","Single cell","Thymus 2","P5",128,"CGTGTCAA","PRI-1","ATCACG","CGATTGAGGCCGGTAATACGACTCACTATAGGGGTTCAGAGTTCTACAGTCCGACGATCNNNNNNCGTGTCAATTTTTTTTTTTTTTTTTTTTTTTTV"
"29","LCE508","B9","Single cell","Thymus 2","P5",129,"GCCTTAAG","PRI-1","ATCACG","CGATTGAGGCCGGTAATACGACTCACTATAGGGGTTCAGAGTTCTACAGTCCGACGATCNNNNNNGCCTTAAGTTTTTTTTTTTTTTTTTTTTTTTTV"
"30","LCE508","B10","Single cell","Thymus 2","P5",130,"GCACGTAT","PRI-1","ATCACG","CGATTGAGGCCGGTAATACGACTCACTATAGGGGTTCAGAGTTCTACAGTCCGACGATCNNNNNNGCACGTATTTTTTTTTTTTTTTTTTTTTTTTTV"
"31","LCE508","B11","Single cell","Thymus 2","P5",131,"CAACGTAC","PRI-1","ATCACG","CGATTGAGGCCGGTAATACGACTCACTATAGGGGTTCAGAGTTCTACAGTCCGACGATCNNNNNNCAACGTACTTTTTTTTTTTTTTTTTTTTTTTTV"
"32","LCE508","B12","Single cell","Thymus 2","P5",132,"GCGTACAT","PRI-1","ATCACG","CGATTGAGGCCGGTAATACGACTCACTATAGGGGTTCAGAGTTCTACAGTCCGACGATCNNNNNNGCGTACATTTTTTTTTTTTTTTTTTTTTTTTTV"
"33","LCE508","B13","Single cell","Thymus 2","P5",133,"TATCCAGG","PRI-1","ATCACG","CGATTGAGGCCGGTAATACGACTCACTATAGGGGTTCAGAGTTCTACAGTCCGACGATCNNNNNNTATCCAGGTTTTTTTTTTTTTTTTTTTTTTTTV"
"34","LCE508","B14","Single cell","Thymus 2","P5",134,"CCGATATG","PRI-1","ATCACG","CGATTGAGGCCGGTAATACGACTCACTATAGGGGTTCAGAGTTCTACAGTCCGACGATCNNNNNNCCGATATGTTTTTTTTTTTTTTTTTTTTTTTTV"
"35","LCE508","B15","Single cell","Thymus 2","P5",135,"GTGTTAGC","PRI-1","ATCACG","CGATTGAGGCCGGTAATACGACTCACTATAGGGGTTCAGAGTTCTACAGTCCGACGATCNNNNNNGTGTTAGCTTTTTTTTTTTTTTTTTTTTTTTTV"
"36","LCE508","B16","Single cell","Thymus 2","P5",136,"GTGGTTGT","PRI-1","ATCACG","CGATTGAGGCCGGTAATACGACTCACTATAGGGGTTCAGAGTTCTACAGTCCGACGATCNNNNNNGTGGTTGTTTTTTTTTTTTTTTTTTTTTTTTTV"
"37","LCE508","B17","Single cell","Thymus 2","P5",137,"GTTGCTGA","PRI-1","ATCACG","CGATTGAGGCCGGTAATACGACTCACTATAGGGGTTCAGAGTTCTACAGTCCGACGATCNNNNNNGTTGCTGATTTTTTTTTTTTTTTTTTTTTTTTV"
"38","LCE508","B18","Single cell","Thymus 2","P5",138,"CCTGGATA","PRI-1","ATCACG","CGATTGAGGCCGGTAATACGACTCACTATAGGGGTTCAGAGTTCTACAGTCCGACGATCNNNNNNCCTGGATATTTTTTTTTTTTTTTTTTTTTTTTV"
"39","LCE508","B19","Single cell","Thymus 2","P5",139,"ACCGACAT","PRI-1","ATCACG","CGATTGAGGCCGGTAATACGACTCACTATAGGGGTTCAGAGTTCTACAGTCCGACGATCNNNNNNACCGACATTTTTTTTTTTTTTTTTTTTTTTTTV"
"40","LCE508","B20","Single cell","Thymus 2","P5",140,"ATGCTGAC","PRI-1","ATCACG","CGATTGAGGCCGGTAATACGACTCACTATAGGGGTTCAGAGTTCTACAGTCCGACGATCNNNNNNATGCTGACTTTTTTTTTTTTTTTTTTTTTTTTV"
"41","LCE508","B21","Single cell","Thymus 2","P5",141,"TACTGGCA","PRI-1","ATCACG","CGATTGAGGCCGGTAATACGACTCACTATAGGGGTTCAGAGTTCTACAGTCCGACGATCNNNNNNTACTGGCATTTTTTTTTTTTTTTTTTTTTTTTV"
"42","LCE508","B22","Single cell","Thymus 2","P5",142,"CAGTCATG","PRI-1","ATCACG","CGATTGAGGCCGGTAATACGACTCACTATAGGGGTTCAGAGTTCTACAGTCCGACGATCNNNNNNCAGTCATGTTTTTTTTTTTTTTTTTTTTTTTTV"
"43","LCE508","B23","Single cell","Thymus 2","P5",143,"GTGATTCG","PRI-1","ATCACG","CGATTGAGGCCGGTAATACGACTCACTATAGGGGTTCAGAGTTCTACAGTCCGACGATCNNNNNNGTGATTCGTTTTTTTTTTTTTTTTTTTTTTTTV"
"44","LCE508","B24","Single cell","Thymus 2","P5",144,"CGCATGTA","PRI-1","ATCACG","CGATTGAGGCCGGTAATACGACTCACTATAGGGGTTCAGAGTTCTACAGTCCGACGATCNNNNNNCGCATGTATTTTTTTTTTTTTTTTTTTTTTTTV"
"45","LCE508","C1","Single cell","Thymus 2","P5",145,"AGTGTGCT","PRI-1","ATCACG","CGATTGAGGCCGGTAATACGACTCACTATAGGGGTTCAGAGTTCTACAGTCCGACGATCNNNNNNAGTGTGCTTTTTTTTTTTTTTTTTTTTTTTTTV"
"46","LCE508","C2","Single cell","Thymus 2","P5",146,"TGTCGCAA","PRI-1","ATCACG","CGATTGAGGCCGGTAATACGACTCACTATAGGGGTTCAGAGTTCTACAGTCCGACGATCNNNNNNTGTCGCAATTTTTTTTTTTTTTTTTTTTTTTTV"
"47","LCE508","C3","Single cell","Thymus 2","P5",147,"GGACTTAC","PRI-1","ATCACG","CGATTGAGGCCGGTAATACGACTCACTATAGGGGTTCAGAGTTCTACAGTCCGACGATCNNNNNNGGACTTACTTTTTTTTTTTTTTTTTTTTTTTTV"
"48","LCE508","C4","Single cell","Thymus 2","P5",148,"CTATCGGA","PRI-1","ATCACG","CGATTGAGGCCGGTAATACGACTCACTATAGGGGTTCAGAGTTCTACAGTCCGACGATCNNNNNNCTATCGGATTTTTTTTTTTTTTTTTTTTTTTTV"
"49","LCE508","C5","Single cell","Thymus 2","P5",149,"ACGCGTTA","PRI-1","ATCACG","CGATTGAGGCCGGTAATACGACTCACTATAGGGGTTCAGAGTTCTACAGTCCGACGATCNNNNNNACGCGTTATTTTTTTTTTTTTTTTTTTTTTTTV"
"50","LCE508","C6","Single cell","Thymus 2","P5",150,"TACGCTGA","PRI-1","ATCACG","CGATTGAGGCCGGTAATACGACTCACTATAGGGGTTCAGAGTTCTACAGTCCGACGATCNNNNNNTACGCTGATTTTTTTTTTTTTTTTTTTTTTTTV"
"51","LCE508","C7","Single cell","Thymus 2","P5",151,"ACTACACG","PRI-1","ATCACG","CGATTGAGGCCGGTAATACGACTCACTATAGGGGTTCAGAGTTCTACAGTCCGACGATCNNNNNNACTACACGTTTTTTTTTTTTTTTTTTTTTTTTV"
"52","LCE508","C8","Single cell","Thymus 2","P5",152,"ATCACGAC","PRI-1","ATCACG","CGATTGAGGCCGGTAATACGACTCACTATAGGGGTTCAGAGTTCTACAGTCCGACGATCNNNNNNATCACGACTTTTTTTTTTTTTTTTTTTTTTTTV"
"53","LCE508","C9","Single cell","Thymus 2","P5",153,"CATCAAGC","PRI-1","ATCACG","CGATTGAGGCCGGTAATACGACTCACTATAGGGGTTCAGAGTTCTACAGTCCGACGATCNNNNNNCATCAAGCTTTTTTTTTTTTTTTTTTTTTTTTV"
"54","LCE508","C10","Single cell","Thymus 2","P5",154,"ACTGTTGG","PRI-1","ATCACG","CGATTGAGGCCGGTAATACGACTCACTATAGGGGTTCAGAGTTCTACAGTCCGACGATCNNNNNNACTGTTGGTTTTTTTTTTTTTTTTTTTTTTTTV"
"55","LCE508","C11","Single cell","Thymus 2","P5",155,"TCAGTGCA","PRI-1","ATCACG","CGATTGAGGCCGGTAATACGACTCACTATAGGGGTTCAGAGTTCTACAGTCCGACGATCNNNNNNTCAGTGCATTTTTTTTTTTTTTTTTTTTTTTTV"
"56","LCE508","C12","Single cell","Thymus 2","P5",156,"GCGATATC","PRI-1","ATCACG","CGATTGAGGCCGGTAATACGACTCACTATAGGGGTTCAGAGTTCTACAGTCCGACGATCNNNNNNGCGATATCTTTTTTTTTTTTTTTTTTTTTTTTV"
"57","LCE508","C13","Single cell","Thymus 2","P5",157,"TGCGTAGT","PRI-1","ATCACG","CGATTGAGGCCGGTAATACGACTCACTATAGGGGTTCAGAGTTCTACAGTCCGACGATCNNNNNNTGCGTAGTTTTTTTTTTTTTTTTTTTTTTTTTV"
"58","LCE508","C14","Single cell","Thymus 2","P5",158,"GCTAGTGT","PRI-1","ATCACG","CGATTGAGGCCGGTAATACGACTCACTATAGGGGTTCAGAGTTCTACAGTCCGACGATCNNNNNNGCTAGTGTTTTTTTTTTTTTTTTTTTTTTTTTV"
"59","LCE508","C15","Single cell","Thymus 2","P5",159,"CTCACGAA","PRI-1","ATCACG","CGATTGAGGCCGGTAATACGACTCACTATAGGGGTTCAGAGTTCTACAGTCCGACGATCNNNNNNCTCACGAATTTTTTTTTTTTTTTTTTTTTTTTV"
"60","LCE508","C16","Single cell","Thymus 2","P5",160,"AGTCACGT","PRI-1","ATCACG","CGATTGAGGCCGGTAATACGACTCACTATAGGGGTTCAGAGTTCTACAGTCCGACGATCNNNNNNAGTCACGTTTTTTTTTTTTTTTTTTTTTTTTTV"
"61","LCE508","C17","Single cell","Thymus 2","P5",161,"CACGGTAT","PRI-1","ATCACG","CGATTGAGGCCGGTAATACGACTCACTATAGGGGTTCAGAGTTCTACAGTCCGACGATCNNNNNNCACGGTATTTTTTTTTTTTTTTTTTTTTTTTTV"
"62","LCE508","C18","Single cell","Thymus 2","P5",162,"GGCACTTA","PRI-1","ATCACG","CGATTGAGGCCGGTAATACGACTCACTATAGGGGTTCAGAGTTCTACAGTCCGACGATCNNNNNNGGCACTTATTTTTTTTTTTTTTTTTTTTTTTTV"
"63","LCE508","C19","Single cell","Thymus 2","P5",163,"TGCACGTA","PRI-1","ATCACG","CGATTGAGGCCGGTAATACGACTCACTATAGGGGTTCAGAGTTCTACAGTCCGACGATCNNNNNNTGCACGTATTTTTTTTTTTTTTTTTTTTTTTTV"
"64","LCE508","C20","Single cell","Thymus 2","P5",164,"GGTTATGC","PRI-1","ATCACG","CGATTGAGGCCGGTAATACGACTCACTATAGGGGTTCAGAGTTCTACAGTCCGACGATCNNNNNNGGTTATGCTTTTTTTTTTTTTTTTTTTTTTTTV"
"65","LCE508","C21","Single cell","Thymus 2","P5",165,"TGACTCAG","PRI-1","ATCACG","CGATTGAGGCCGGTAATACGACTCACTATAGGGGTTCAGAGTTCTACAGTCCGACGATCNNNNNNTGACTCAGTTTTTTTTTTTTTTTTTTTTTTTTV"
"66","LCE508","C22","Single cell","Thymus 2","P5",166,"GACCATCA","PRI-1","ATCACG","CGATTGAGGCCGGTAATACGACTCACTATAGGGGTTCAGAGTTCTACAGTCCGACGATCNNNNNNGACCATCATTTTTTTTTTTTTTTTTTTTTTTTV"
"67","LCE508","C23","Single cell","Thymus 2","P5",167,"TCCTCTTC","PRI-1","ATCACG","CGATTGAGGCCGGTAATACGACTCACTATAGGGGTTCAGAGTTCTACAGTCCGACGATCNNNNNNTCCTCTTCTTTTTTTTTTTTTTTTTTTTTTTTV"
"68","LCE508","C24","Single cell","Thymus 2","P5",168,"ACTGTGAC","PRI-1","ATCACG","CGATTGAGGCCGGTAATACGACTCACTATAGGGGTTCAGAGTTCTACAGTCCGACGATCNNNNNNACTGTGACTTTTTTTTTTTTTTTTTTTTTTTTV"
"69","LCE508","D1","Single cell","Thymus 2","P5",169,"ACAACGTC","PRI-1","ATCACG","CGATTGAGGCCGGTAATACGACTCACTATAGGGGTTCAGAGTTCTACAGTCCGACGATCNNNNNNACAACGTCTTTTTTTTTTTTTTTTTTTTTTTTV"
"70","LCE508","D2","Single cell","Thymus 2","P5",170,"CCATCAAG","PRI-1","ATCACG","CGATTGAGGCCGGTAATACGACTCACTATAGGGGTTCAGAGTTCTACAGTCCGACGATCNNNNNNCCATCAAGTTTTTTTTTTTTTTTTTTTTTTTTV"
"71","LCE508","D3","Single cell","Thymus 2","P5",171,"ATTGCGTG","PRI-1","ATCACG","CGATTGAGGCCGGTAATACGACTCACTATAGGGGTTCAGAGTTCTACAGTCCGACGATCNNNNNNATTGCGTGTTTTTTTTTTTTTTTTTTTTTTTTV"
"72","LCE508","D4","Single cell","Thymus 2","P5",172,"CTACGCAA","PRI-1","ATCACG","CGATTGAGGCCGGTAATACGACTCACTATAGGGGTTCAGAGTTCTACAGTCCGACGATCNNNNNNCTACGCAATTTTTTTTTTTTTTTTTTTTTTTTV"
"73","LCE508","D5","Single cell","Thymus 2","P5",173,"GCTAAGCT","PRI-1","ATCACG","CGATTGAGGCCGGTAATACGACTCACTATAGGGGTTCAGAGTTCTACAGTCCGACGATCNNNNNNGCTAAGCTTTTTTTTTTTTTTTTTTTTTTTTTV"
"74","LCE508","D6","Single cell","Thymus 2","P5",174,"ATGCCAGT","PRI-1","ATCACG","CGATTGAGGCCGGTAATACGACTCACTATAGGGGTTCAGAGTTCTACAGTCCGACGATCNNNNNNATGCCAGTTTTTTTTTTTTTTTTTTTTTTTTTV"
"75","LCE508","D7","Single cell","Thymus 2","P5",175,"CATCCAGA","PRI-1","ATCACG","CGATTGAGGCCGGTAATACGACTCACTATAGGGGTTCAGAGTTCTACAGTCCGACGATCNNNNNNCATCCAGATTTTTTTTTTTTTTTTTTTTTTTTV"
"76","LCE508","D8","Single cell","Thymus 2","P5",176,"GACTACCA","PRI-1","ATCACG","CGATTGAGGCCGGTAATACGACTCACTATAGGGGTTCAGAGTTCTACAGTCCGACGATCNNNNNNGACTACCATTTTTTTTTTTTTTTTTTTTTTTTV"
"77","LCE508","D9","Single cell","Thymus 2","P5",177,"CAGTGCTA","PRI-1","ATCACG","CGATTGAGGCCGGTAATACGACTCACTATAGGGGTTCAGAGTTCTACAGTCCGACGATCNNNNNNCAGTGCTATTTTTTTTTTTTTTTTTTTTTTTTV"
"78","LCE508","D10","Single cell","Thymus 2","P5",178,"CGTGAATC","PRI-1","ATCACG","CGATTGAGGCCGGTAATACGACTCACTATAGGGGTTCAGAGTTCTACAGTCCGACGATCNNNNNNCGTGAATCTTTTTTTTTTTTTTTTTTTTTTTTV"
"79","LCE508","D11","Single cell","Thymus 2","P5",179,"GGTAACTC","PRI-1","ATCACG","CGATTGAGGCCGGTAATACGACTCACTATAGGGGTTCAGAGTTCTACAGTCCGACGATCNNNNNNGGTAACTCTTTTTTTTTTTTTTTTTTTTTTTTV"
"80","LCE508","D12","Single cell","Thymus 2","P5",180,"CACTAGCA","PRI-1","ATCACG","CGATTGAGGCCGGTAATACGACTCACTATAGGGGTTCAGAGTTCTACAGTCCGACGATCNNNNNNCACTAGCATTTTTTTTTTTTTTTTTTTTTTTTV"
"81","LCE508","D13","Single cell","Thymus 2","P5",181,"GATACTGC","PRI-1","ATCACG","CGATTGAGGCCGGTAATACGACTCACTATAGGGGTTCAGAGTTCTACAGTCCGACGATCNNNNNNGATACTGCTTTTTTTTTTTTTTTTTTTTTTTTV"
"82","LCE508","D14","Single cell","Thymus 2","P5",182,"GTGCGTTA","PRI-1","ATCACG","CGATTGAGGCCGGTAATACGACTCACTATAGGGGTTCAGAGTTCTACAGTCCGACGATCNNNNNNGTGCGTTATTTTTTTTTTTTTTTTTTTTTTTTV"
"83","LCE508","D15","Single cell","Thymus 2","P5",183,"GGATGCTT","PRI-1","ATCACG","CGATTGAGGCCGGTAATACGACTCACTATAGGGGTTCAGAGTTCTACAGTCCGACGATCNNNNNNGGATGCTTTTTTTTTTTTTTTTTTTTTTTTTTV"
"84","LCE508","D16","Single cell","Thymus 2","P5",184,"TCAGGTGT","PRI-1","ATCACG","CGATTGAGGCCGGTAATACGACTCACTATAGGGGTTCAGAGTTCTACAGTCCGACGATCNNNNNNTCAGGTGTTTTTTTTTTTTTTTTTTTTTTTTTV"
"85","LCE508","D17","Single cell","Thymus 2","P5",185,"TAGCTCAG","PRI-1","ATCACG","CGATTGAGGCCGGTAATACGACTCACTATAGGGGTTCAGAGTTCTACAGTCCGACGATCNNNNNNTAGCTCAGTTTTTTTTTTTTTTTTTTTTTTTTV"
"86","LCE508","D18","Single cell","Thymus 2","P5",186,"TAGCGATC","PRI-1","ATCACG","CGATTGAGGCCGGTAATACGACTCACTATAGGGGTTCAGAGTTCTACAGTCCGACGATCNNNNNNTAGCGATCTTTTTTTTTTTTTTTTTTTTTTTTV"
"87","LCE508","D19","Single cell","Thymus 2","P5",187,"CCTAGTAG","PRI-1","ATCACG","CGATTGAGGCCGGTAATACGACTCACTATAGGGGTTCAGAGTTCTACAGTCCGACGATCNNNNNNCCTAGTAGTTTTTTTTTTTTTTTTTTTTTTTTV"
"88","LCE508","D20","Single cell","Thymus 2","P5",188,"CAGCTTAG","PRI-1","ATCACG","CGATTGAGGCCGGTAATACGACTCACTATAGGGGTTCAGAGTTCTACAGTCCGACGATCNNNNNNCAGCTTAGTTTTTTTTTTTTTTTTTTTTTTTTV"
"89","LCE508","D21","Single cell","Thymus 2","P5",189,"AGGTTCCA","PRI-1","ATCACG","CGATTGAGGCCGGTAATACGACTCACTATAGGGGTTCAGAGTTCTACAGTCCGACGATCNNNNNNAGGTTCCATTTTTTTTTTTTTTTTTTTTTTTTV"
"90","LCE508","D22","Single cell","Thymus 2","P5",190,"TGGCGATT","PRI-1","ATCACG","CGATTGAGGCCGGTAATACGACTCACTATAGGGGTTCAGAGTTCTACAGTCCGACGATCNNNNNNTGGCGATTTTTTTTTTTTTTTTTTTTTTTTTTV"
"91","LCE508","D23","Single cell","Thymus 2","P5",191,"ACCAATCG","PRI-1","ATCACG","CGATTGAGGCCGGTAATACGACTCACTATAGGGGTTCAGAGTTCTACAGTCCGACGATCNNNNNNACCAATCGTTTTTTTTTTTTTTTTTTTTTTTTV"
"92","LCE508","D24","Single cell","Thymus 2","P5",192,"GAAGGAAG","PRI-1","ATCACG","CGATTGAGGCCGGTAATACGACTCACTATAGGGGTTCAGAGTTCTACAGTCCGACGATCNNNNNNGAAGGAAGTTTTTTTTTTTTTTTTTTTTTTTTV"
"93","LCE508","E1","Single cell","Thymus 2","P5",193,"TGGTCGAT","PRI-1","ATCACG","CGATTGAGGCCGGTAATACGACTCACTATAGGGGTTCAGAGTTCTACAGTCCGACGATCNNNNNNTGGTCGATTTTTTTTTTTTTTTTTTTTTTTTTV"
"94","LCE508","E2","Single cell","Thymus 2","P5",194,"TGCGACTA","PRI-1","ATCACG","CGATTGAGGCCGGTAATACGACTCACTATAGGGGTTCAGAGTTCTACAGTCCGACGATCNNNNNNTGCGACTATTTTTTTTTTTTTTTTTTTTTTTTV"
"95","LCE508","E3","Single cell","Thymus 2","P5",195,"TGACTACG","PRI-1","ATCACG","CGATTGAGGCCGGTAATACGACTCACTATAGGGGTTCAGAGTTCTACAGTCCGACGATCNNNNNNTGACTACGTTTTTTTTTTTTTTTTTTTTTTTTV"
"96","LCE508","E4","Single cell","Thymus 2","P5",196,"GGCATGTT","PRI-1","ATCACG","CGATTGAGGCCGGTAATACGACTCACTATAGGGGTTCAGAGTTCTACAGTCCGACGATCNNNNNNGGCATGTTTTTTTTTTTTTTTTTTTTTTTTTTV"
"97","LCE508","E5","Single cell","Thymus 2","P5",197,"AATCACGC","PRI-1","ATCACG","CGATTGAGGCCGGTAATACGACTCACTATAGGGGTTCAGAGTTCTACAGTCCGACGATCNNNNNNAATCACGCTTTTTTTTTTTTTTTTTTTTTTTTV"
"98","LCE508","E6","Single cell","Thymus 2","P5",198,"GTACTTGG","PRI-1","ATCACG","CGATTGAGGCCGGTAATACGACTCACTATAGGGGTTCAGAGTTCTACAGTCCGACGATCNNNNNNGTACTTGGTTTTTTTTTTTTTTTTTTTTTTTTV"
"99","LCE508","E7","Single cell","Thymus 2","P5",199,"TAGGTGCT","PRI-1","ATCACG","CGATTGAGGCCGGTAATACGACTCACTATAGGGGTTCAGAGTTCTACAGTCCGACGATCNNNNNNTAGGTGCTTTTTTTTTTTTTTTTTTTTTTTTTV"
"100","LCE508","E8","Single cell","Thymus 2","P5",200,"AGCTTGCA","PRI-1","ATCACG","CGATTGAGGCCGGTAATACGACTCACTATAGGGGTTCAGAGTTCTACAGTCCGACGATCNNNNNNAGCTTGCATTTTTTTTTTTTTTTTTTTTTTTTV"
"101","LCE508","E9","Single cell","Thymus 2","P5",201,"AGTGACTC","PRI-1","ATCACG","CGATTGAGGCCGGTAATACGACTCACTATAGGGGTTCAGAGTTCTACAGTCCGACGATCNNNNNNAGTGACTCTTTTTTTTTTTTTTTTTTTTTTTTV"
"102","LCE508","E10","Single cell","Thymus 2","P5",202,"TACGAGTC","PRI-1","ATCACG","CGATTGAGGCCGGTAATACGACTCACTATAGGGGTTCAGAGTTCTACAGTCCGACGATCNNNNNNTACGAGTCTTTTTTTTTTTTTTTTTTTTTTTTV"
"103","LCE508","E11","Single cell","Thymus 2","P5",203,"GTGCGTAT","PRI-1","ATCACG","CGATTGAGGCCGGTAATACGACTCACTATAGGGGTTCAGAGTTCTACAGTCCGACGATCNNNNNNGTGCGTATTTTTTTTTTTTTTTTTTTTTTTTTV"
"104","LCE508","E12","Single cell","Thymus 2","P5",204,"CGACACAT","PRI-1","ATCACG","CGATTGAGGCCGGTAATACGACTCACTATAGGGGTTCAGAGTTCTACAGTCCGACGATCNNNNNNCGACACATTTTTTTTTTTTTTTTTTTTTTTTTV"
"105","LCE508","E13","Single cell","Thymus 2","P5",205,"TCGACTAG","PRI-1","ATCACG","CGATTGAGGCCGGTAATACGACTCACTATAGGGGTTCAGAGTTCTACAGTCCGACGATCNNNNNNTCGACTAGTTTTTTTTTTTTTTTTTTTTTTTTV"
"106","LCE508","E14","Single cell","Thymus 2","P5",206,"TCACGGTA","PRI-1","ATCACG","CGATTGAGGCCGGTAATACGACTCACTATAGGGGTTCAGAGTTCTACAGTCCGACGATCNNNNNNTCACGGTATTTTTTTTTTTTTTTTTTTTTTTTV"
"107","LCE508","E15","Single cell","Thymus 2","P5",207,"ATGGTGCT","PRI-1","ATCACG","CGATTGAGGCCGGTAATACGACTCACTATAGGGGTTCAGAGTTCTACAGTCCGACGATCNNNNNNATGGTGCTTTTTTTTTTTTTTTTTTTTTTTTTV"
"108","LCE508","E16","Single cell","Thymus 2","P5",208,"GTACTGTG","PRI-1","ATCACG","CGATTGAGGCCGGTAATACGACTCACTATAGGGGTTCAGAGTTCTACAGTCCGACGATCNNNNNNGTACTGTGTTTTTTTTTTTTTTTTTTTTTTTTV"
"109","LCE508","E17","Single cell","Thymus 2","P5",209,"CGATTGTG","PRI-1","ATCACG","CGATTGAGGCCGGTAATACGACTCACTATAGGGGTTCAGAGTTCTACAGTCCGACGATCNNNNNNCGATTGTGTTTTTTTTTTTTTTTTTTTTTTTTV"
"110","LCE508","E18","Single cell","Thymus 2","P5",210,"CACAAGTC","PRI-1","ATCACG","CGATTGAGGCCGGTAATACGACTCACTATAGGGGTTCAGAGTTCTACAGTCCGACGATCNNNNNNCACAAGTCTTTTTTTTTTTTTTTTTTTTTTTTV"
"111","LCE508","E19","Single cell","Thymus 2","P5",211,"CAACTGAC","PRI-1","ATCACG","CGATTGAGGCCGGTAATACGACTCACTATAGGGGTTCAGAGTTCTACAGTCCGACGATCNNNNNNCAACTGACTTTTTTTTTTTTTTTTTTTTTTTTV"
"112","LCE508","E20","Single cell","Thymus 2","P5",212,"TCGTTGGA","PRI-1","ATCACG","CGATTGAGGCCGGTAATACGACTCACTATAGGGGTTCAGAGTTCTACAGTCCGACGATCNNNNNNTCGTTGGATTTTTTTTTTTTTTTTTTTTTTTTV"
"113","LCE508","E21","Single cell","Thymus 2","P5",213,"TGAGTTGC","PRI-1","ATCACG","CGATTGAGGCCGGTAATACGACTCACTATAGGGGTTCAGAGTTCTACAGTCCGACGATCNNNNNNTGAGTTGCTTTTTTTTTTTTTTTTTTTTTTTTV"
"114","LCE508","E22","Single cell","Thymus 2","P5",214,"TCTCGGAA","PRI-1","ATCACG","CGATTGAGGCCGGTAATACGACTCACTATAGGGGTTCAGAGTTCTACAGTCCGACGATCNNNNNNTCTCGGAATTTTTTTTTTTTTTTTTTTTTTTTV"
"115","LCE508","E23","Single cell","Thymus 2","P5",215,"CGACTACA","PRI-1","ATCACG","CGATTGAGGCCGGTAATACGACTCACTATAGGGGTTCAGAGTTCTACAGTCCGACGATCNNNNNNCGACTACATTTTTTTTTTTTTTTTTTTTTTTTV"
"116","LCE508","E24","Single cell","Thymus 2","P5",216,"ATCCGTAG","PRI-1","ATCACG","CGATTGAGGCCGGTAATACGACTCACTATAGGGGTTCAGAGTTCTACAGTCCGACGATCNNNNNNATCCGTAGTTTTTTTTTTTTTTTTTTTTTTTTV"
"117","LCE508","F1","Single cell","Blood 2","P5",217,"ATTCGCAG","PRI-1","ATCACG","CGATTGAGGCCGGTAATACGACTCACTATAGGGGTTCAGAGTTCTACAGTCCGACGATCNNNNNNATTCGCAGTTTTTTTTTTTTTTTTTTTTTTTTV"
"118","LCE508","F2","Single cell","Blood 2","P5",218,"TAACCGTG","PRI-1","ATCACG","CGATTGAGGCCGGTAATACGACTCACTATAGGGGTTCAGAGTTCTACAGTCCGACGATCNNNNNNTAACCGTGTTTTTTTTTTTTTTTTTTTTTTTTV"
"119","LCE508","F3","Single cell","Blood 2","P5",219,"AGGAGGAA","PRI-1","ATCACG","CGATTGAGGCCGGTAATACGACTCACTATAGGGGTTCAGAGTTCTACAGTCCGACGATCNNNNNNAGGAGGAATTTTTTTTTTTTTTTTTTTTTTTTV"
"120","LCE508","F4","Single cell","Blood 2","P5",220,"GTCGCTAA","PRI-1","ATCACG","CGATTGAGGCCGGTAATACGACTCACTATAGGGGTTCAGAGTTCTACAGTCCGACGATCNNNNNNGTCGCTAATTTTTTTTTTTTTTTTTTTTTTTTV"
"121","LCE508","F5","Single cell","Blood 2","P5",221,"ATAGGCTC","PRI-1","ATCACG","CGATTGAGGCCGGTAATACGACTCACTATAGGGGTTCAGAGTTCTACAGTCCGACGATCNNNNNNATAGGCTCTTTTTTTTTTTTTTTTTTTTTTTTV"
"122","LCE508","F6","Single cell","Blood 2","P5",222,"GAGAGGAA","PRI-1","ATCACG","CGATTGAGGCCGGTAATACGACTCACTATAGGGGTTCAGAGTTCTACAGTCCGACGATCNNNNNNGAGAGGAATTTTTTTTTTTTTTTTTTTTTTTTV"
"123","LCE508","F7","Single cell","Blood 2","P5",223,"ACACAGCT","PRI-1","ATCACG","CGATTGAGGCCGGTAATACGACTCACTATAGGGGTTCAGAGTTCTACAGTCCGACGATCNNNNNNACACAGCTTTTTTTTTTTTTTTTTTTTTTTTTV"
"124","LCE508","F8","Single cell","Blood 2","P5",224,"CGACGTAT","PRI-1","ATCACG","CGATTGAGGCCGGTAATACGACTCACTATAGGGGTTCAGAGTTCTACAGTCCGACGATCNNNNNNCGACGTATTTTTTTTTTTTTTTTTTTTTTTTTV"
"125","LCE508","F9","Single cell","Blood 2","P5",225,"ACATGCCA","PRI-1","ATCACG","CGATTGAGGCCGGTAATACGACTCACTATAGGGGTTCAGAGTTCTACAGTCCGACGATCNNNNNNACATGCCATTTTTTTTTTTTTTTTTTTTTTTTV"
"126","LCE508","F10","Single cell","Blood 2","P5",226,"GTTCCAAG","PRI-1","ATCACG","CGATTGAGGCCGGTAATACGACTCACTATAGGGGTTCAGAGTTCTACAGTCCGACGATCNNNNNNGTTCCAAGTTTTTTTTTTTTTTTTTTTTTTTTV"
"127","LCE508","F11","Single cell","Blood 2","P5",227,"GCGTGATT","PRI-1","ATCACG","CGATTGAGGCCGGTAATACGACTCACTATAGGGGTTCAGAGTTCTACAGTCCGACGATCNNNNNNGCGTGATTTTTTTTTTTTTTTTTTTTTTTTTTV"
"128","LCE508","F12","Single cell","Blood 2","P5",228,"TGATGCTG","PRI-1","ATCACG","CGATTGAGGCCGGTAATACGACTCACTATAGGGGTTCAGAGTTCTACAGTCCGACGATCNNNNNNTGATGCTGTTTTTTTTTTTTTTTTTTTTTTTTV"
"129","LCE508","F13","Single cell","Blood 2","P5",229,"TACCGATG","PRI-1","ATCACG","CGATTGAGGCCGGTAATACGACTCACTATAGGGGTTCAGAGTTCTACAGTCCGACGATCNNNNNNTACCGATGTTTTTTTTTTTTTTTTTTTTTTTTV"
"130","LCE508","F14","Single cell","Blood 2","P5",230,"TACAGGCT","PRI-1","ATCACG","CGATTGAGGCCGGTAATACGACTCACTATAGGGGTTCAGAGTTCTACAGTCCGACGATCNNNNNNTACAGGCTTTTTTTTTTTTTTTTTTTTTTTTTV"
"131","LCE508","F15","Single cell","Blood 2","P5",231,"AGCTTACG","PRI-1","ATCACG","CGATTGAGGCCGGTAATACGACTCACTATAGGGGTTCAGAGTTCTACAGTCCGACGATCNNNNNNAGCTTACGTTTTTTTTTTTTTTTTTTTTTTTTV"
"132","LCE508","F16","Single cell","Blood 2","P5",232,"GAGTTCCA","PRI-1","ATCACG","CGATTGAGGCCGGTAATACGACTCACTATAGGGGTTCAGAGTTCTACAGTCCGACGATCNNNNNNGAGTTCCATTTTTTTTTTTTTTTTTTTTTTTTV"
"133","LCE508","F17","Single cell","Blood 2","P5",233,"GCTGCATA","PRI-1","ATCACG","CGATTGAGGCCGGTAATACGACTCACTATAGGGGTTCAGAGTTCTACAGTCCGACGATCNNNNNNGCTGCATATTTTTTTTTTTTTTTTTTTTTTTTV"
"134","LCE508","F18","Single cell","Blood 2","P5",234,"TACCACGA","PRI-1","ATCACG","CGATTGAGGCCGGTAATACGACTCACTATAGGGGTTCAGAGTTCTACAGTCCGACGATCNNNNNNTACCACGATTTTTTTTTTTTTTTTTTTTTTTTV"
"135","LCE508","F19","Single cell","Blood 2","P5",235,"ACACACGT","PRI-1","ATCACG","CGATTGAGGCCGGTAATACGACTCACTATAGGGGTTCAGAGTTCTACAGTCCGACGATCNNNNNNACACACGTTTTTTTTTTTTTTTTTTTTTTTTTV"
"136","LCE508","F20","Single cell","Blood 2","P5",236,"CTGCAACA","PRI-1","ATCACG","CGATTGAGGCCGGTAATACGACTCACTATAGGGGTTCAGAGTTCTACAGTCCGACGATCNNNNNNCTGCAACATTTTTTTTTTTTTTTTTTTTTTTTV"
"137","LCE508","F21","Single cell","Blood 2","P5",237,"GTAGACCT","PRI-1","ATCACG","CGATTGAGGCCGGTAATACGACTCACTATAGGGGTTCAGAGTTCTACAGTCCGACGATCNNNNNNGTAGACCTTTTTTTTTTTTTTTTTTTTTTTTTV"
"138","LCE508","F22","Single cell","Blood 2","P5",238,"TGCCAGTA","PRI-1","ATCACG","CGATTGAGGCCGGTAATACGACTCACTATAGGGGTTCAGAGTTCTACAGTCCGACGATCNNNNNNTGCCAGTATTTTTTTTTTTTTTTTTTTTTTTTV"
"139","LCE508","F23","Single cell","Blood 2","P5",239,"AGCGTTAC","PRI-1","ATCACG","CGATTGAGGCCGGTAATACGACTCACTATAGGGGTTCAGAGTTCTACAGTCCGACGATCNNNNNNAGCGTTACTTTTTTTTTTTTTTTTTTTTTTTTV"
"140","LCE508","F24","Single cell","Blood 2","P5",240,"GTAGTCCA","PRI-1","ATCACG","CGATTGAGGCCGGTAATACGACTCACTATAGGGGTTCAGAGTTCTACAGTCCGACGATCNNNNNNGTAGTCCATTTTTTTTTTTTTTTTTTTTTTTTV"
"141","LCE508","G1","Single cell","Thymus 3","P5",241,"GGCTAATC","PRI-1","ATCACG","CGATTGAGGCCGGTAATACGACTCACTATAGGGGTTCAGAGTTCTACAGTCCGACGATCNNNNNNGGCTAATCTTTTTTTTTTTTTTTTTTTTTTTTV"
"142","LCE508","G2","Single cell","Thymus 3","P5",242,"CACGAGTT","PRI-1","ATCACG","CGATTGAGGCCGGTAATACGACTCACTATAGGGGTTCAGAGTTCTACAGTCCGACGATCNNNNNNCACGAGTTTTTTTTTTTTTTTTTTTTTTTTTTV"
"143","LCE508","G3","Single cell","Thymus 3","P5",243,"CGAACTGT","PRI-1","ATCACG","CGATTGAGGCCGGTAATACGACTCACTATAGGGGTTCAGAGTTCTACAGTCCGACGATCNNNNNNCGAACTGTTTTTTTTTTTTTTTTTTTTTTTTTV"
"144","LCE508","G4","Single cell","Thymus 3","P5",244,"GATTCGCA","PRI-1","ATCACG","CGATTGAGGCCGGTAATACGACTCACTATAGGGGTTCAGAGTTCTACAGTCCGACGATCNNNNNNGATTCGCATTTTTTTTTTTTTTTTTTTTTTTTV"
"145","LCE508","G5","Single cell","Thymus 3","P5",245,"ACCGTTAG","PRI-1","ATCACG","CGATTGAGGCCGGTAATACGACTCACTATAGGGGTTCAGAGTTCTACAGTCCGACGATCNNNNNNACCGTTAGTTTTTTTTTTTTTTTTTTTTTTTTV"
"146","LCE508","G6","Single cell","Thymus 3","P5",246,"CCGATAGT","PRI-1","ATCACG","CGATTGAGGCCGGTAATACGACTCACTATAGGGGTTCAGAGTTCTACAGTCCGACGATCNNNNNNCCGATAGTTTTTTTTTTTTTTTTTTTTTTTTTV"
"147","LCE508","G7","Single cell","Thymus 3","P5",247,"GAATCGTC","PRI-1","ATCACG","CGATTGAGGCCGGTAATACGACTCACTATAGGGGTTCAGAGTTCTACAGTCCGACGATCNNNNNNGAATCGTCTTTTTTTTTTTTTTTTTTTTTTTTV"
"148","LCE508","G8","Single cell","Thymus 3","P5",248,"GTAGGTCT","PRI-1","ATCACG","CGATTGAGGCCGGTAATACGACTCACTATAGGGGTTCAGAGTTCTACAGTCCGACGATCNNNNNNGTAGGTCTTTTTTTTTTTTTTTTTTTTTTTTTV"
"149","LCE508","G9","Single cell","Thymus 3","P5",249,"GATTCGGT","PRI-1","ATCACG","CGATTGAGGCCGGTAATACGACTCACTATAGGGGTTCAGAGTTCTACAGTCCGACGATCNNNNNNGATTCGGTTTTTTTTTTTTTTTTTTTTTTTTTV"
"150","LCE508","G10","Single cell","Thymus 3","P5",250,"TGGCATCA","PRI-1","ATCACG","CGATTGAGGCCGGTAATACGACTCACTATAGGGGTTCAGAGTTCTACAGTCCGACGATCNNNNNNTGGCATCATTTTTTTTTTTTTTTTTTTTTTTTV"
"151","LCE508","G11","Single cell","Thymus 3","P5",251,"GTTGTGAC","PRI-1","ATCACG","CGATTGAGGCCGGTAATACGACTCACTATAGGGGTTCAGAGTTCTACAGTCCGACGATCNNNNNNGTTGTGACTTTTTTTTTTTTTTTTTTTTTTTTV"
"152","LCE508","G12","Single cell","Thymus 3","P5",252,"GTGTAGCT","PRI-1","ATCACG","CGATTGAGGCCGGTAATACGACTCACTATAGGGGTTCAGAGTTCTACAGTCCGACGATCNNNNNNGTGTAGCTTTTTTTTTTTTTTTTTTTTTTTTTV"
"153","LCE508","G13","Single cell","Thymus 3","P5",253,"GGTCAATC","PRI-1","ATCACG","CGATTGAGGCCGGTAATACGACTCACTATAGGGGTTCAGAGTTCTACAGTCCGACGATCNNNNNNGGTCAATCTTTTTTTTTTTTTTTTTTTTTTTTV"
"154","LCE508","G14","Single cell","Thymus 3","P5",254,"TGTCGATG","PRI-1","ATCACG","CGATTGAGGCCGGTAATACGACTCACTATAGGGGTTCAGAGTTCTACAGTCCGACGATCNNNNNNTGTCGATGTTTTTTTTTTTTTTTTTTTTTTTTV"
"155","LCE508","G15","Single cell","Thymus 3","P5",255,"CCAACTAG","PRI-1","ATCACG","CGATTGAGGCCGGTAATACGACTCACTATAGGGGTTCAGAGTTCTACAGTCCGACGATCNNNNNNCCAACTAGTTTTTTTTTTTTTTTTTTTTTTTTV"
"156","LCE508","G16","Single cell","Thymus 3","P5",256,"AATCCGCA","PRI-1","ATCACG","CGATTGAGGCCGGTAATACGACTCACTATAGGGGTTCAGAGTTCTACAGTCCGACGATCNNNNNNAATCCGCATTTTTTTTTTTTTTTTTTTTTTTTV"
"157","LCE508","G17","Single cell","Thymus 3","P5",257,"GCTACAAC","PRI-1","ATCACG","CGATTGAGGCCGGTAATACGACTCACTATAGGGGTTCAGAGTTCTACAGTCCGACGATCNNNNNNGCTACAACTTTTTTTTTTTTTTTTTTTTTTTTV"
"158","LCE508","G18","Single cell","Thymus 3","P5",258,"CGATTCAG","PRI-1","ATCACG","CGATTGAGGCCGGTAATACGACTCACTATAGGGGTTCAGAGTTCTACAGTCCGACGATCNNNNNNCGATTCAGTTTTTTTTTTTTTTTTTTTTTTTTV"
"159","LCE508","G19","Single cell","Thymus 3","P5",259,"GTACGACT","PRI-1","ATCACG","CGATTGAGGCCGGTAATACGACTCACTATAGGGGTTCAGAGTTCTACAGTCCGACGATCNNNNNNGTACGACTTTTTTTTTTTTTTTTTTTTTTTTTV"
"160","LCE508","G20","Single cell","Thymus 3","P5",260,"CGACATAC","PRI-1","ATCACG","CGATTGAGGCCGGTAATACGACTCACTATAGGGGTTCAGAGTTCTACAGTCCGACGATCNNNNNNCGACATACTTTTTTTTTTTTTTTTTTTTTTTTV"
"161","LCE508","G21","Single cell","Thymus 3","P5",261,"ATAGCGTC","PRI-1","ATCACG","CGATTGAGGCCGGTAATACGACTCACTATAGGGGTTCAGAGTTCTACAGTCCGACGATCNNNNNNATAGCGTCTTTTTTTTTTTTTTTTTTTTTTTTV"
"162","LCE508","G22","Single cell","Thymus 3","P5",262,"AACCAGTC","PRI-1","ATCACG","CGATTGAGGCCGGTAATACGACTCACTATAGGGGTTCAGAGTTCTACAGTCCGACGATCNNNNNNAACCAGTCTTTTTTTTTTTTTTTTTTTTTTTTV"
"163","LCE508","G23","Single cell","Thymus 3","P5",263,"GGCTTAAC","PRI-1","ATCACG","CGATTGAGGCCGGTAATACGACTCACTATAGGGGTTCAGAGTTCTACAGTCCGACGATCNNNNNNGGCTTAACTTTTTTTTTTTTTTTTTTTTTTTTV"
"164","LCE508","G24","Single cell","Thymus 3","P5",264,"ACAGCTAC","PRI-1","ATCACG","CGATTGAGGCCGGTAATACGACTCACTATAGGGGTTCAGAGTTCTACAGTCCGACGATCNNNNNNACAGCTACTTTTTTTTTTTTTTTTTTTTTTTTV"
"165","LCE508","H1","Single cell","Thymus 3","P5",265,"TGCACTGA","PRI-1","ATCACG","CGATTGAGGCCGGTAATACGACTCACTATAGGGGTTCAGAGTTCTACAGTCCGACGATCNNNNNNTGCACTGATTTTTTTTTTTTTTTTTTTTTTTTV"
"166","LCE508","H2","Single cell","Thymus 3","P5",266,"GTTGCGAT","PRI-1","ATCACG","CGATTGAGGCCGGTAATACGACTCACTATAGGGGTTCAGAGTTCTACAGTCCGACGATCNNNNNNGTTGCGATTTTTTTTTTTTTTTTTTTTTTTTTV"
"167","LCE508","H3","Single cell","Thymus 3","P5",267,"CGAATCGT","PRI-1","ATCACG","CGATTGAGGCCGGTAATACGACTCACTATAGGGGTTCAGAGTTCTACAGTCCGACGATCNNNNNNCGAATCGTTTTTTTTTTTTTTTTTTTTTTTTTV"
"168","LCE508","H4","Single cell","Thymus 3","P5",268,"GTGCATGT","PRI-1","ATCACG","CGATTGAGGCCGGTAATACGACTCACTATAGGGGTTCAGAGTTCTACAGTCCGACGATCNNNNNNGTGCATGTTTTTTTTTTTTTTTTTTTTTTTTTV"
"169","LCE508","H5","Single cell","Thymus 3","P5",269,"AGTTGCTG","PRI-1","ATCACG","CGATTGAGGCCGGTAATACGACTCACTATAGGGGTTCAGAGTTCTACAGTCCGACGATCNNNNNNAGTTGCTGTTTTTTTTTTTTTTTTTTTTTTTTV"
"170","LCE508","H6","Single cell","Thymus 3","P5",270,"GTAACGCT","PRI-1","ATCACG","CGATTGAGGCCGGTAATACGACTCACTATAGGGGTTCAGAGTTCTACAGTCCGACGATCNNNNNNGTAACGCTTTTTTTTTTTTTTTTTTTTTTTTTV"
"171","LCE508","H7","Single cell","Thymus 3","P5",271,"CGAACACT","PRI-1","ATCACG","CGATTGAGGCCGGTAATACGACTCACTATAGGGGTTCAGAGTTCTACAGTCCGACGATCNNNNNNCGAACACTTTTTTTTTTTTTTTTTTTTTTTTTV"
"172","LCE508","H8","Single cell","Thymus 3","P5",272,"GGAACTCT","PRI-1","ATCACG","CGATTGAGGCCGGTAATACGACTCACTATAGGGGTTCAGAGTTCTACAGTCCGACGATCNNNNNNGGAACTCTTTTTTTTTTTTTTTTTTTTTTTTTV"
"173","LCE508","H9","Single cell","Thymus 3","P5",273,"AGTCGTAC","PRI-1","ATCACG","CGATTGAGGCCGGTAATACGACTCACTATAGGGGTTCAGAGTTCTACAGTCCGACGATCNNNNNNAGTCGTACTTTTTTTTTTTTTTTTTTTTTTTTV"
"174","LCE508","H10","Single cell","Thymus 3","P5",274,"ACGGTTAC","PRI-1","ATCACG","CGATTGAGGCCGGTAATACGACTCACTATAGGGGTTCAGAGTTCTACAGTCCGACGATCNNNNNNACGGTTACTTTTTTTTTTTTTTTTTTTTTTTTV"
"175","LCE508","H11","Single cell","Thymus 3","P5",275,"ATTGGCAC","PRI-1","ATCACG","CGATTGAGGCCGGTAATACGACTCACTATAGGGGTTCAGAGTTCTACAGTCCGACGATCNNNNNNATTGGCACTTTTTTTTTTTTTTTTTTTTTTTTV"
"176","LCE508","H12","Single cell","Thymus 3","P5",276,"CAGTCCAA","PRI-1","ATCACG","CGATTGAGGCCGGTAATACGACTCACTATAGGGGTTCAGAGTTCTACAGTCCGACGATCNNNNNNCAGTCCAATTTTTTTTTTTTTTTTTTTTTTTTV"
"177","LCE508","H13","Single cell","Thymus 3","P5",277,"TCCTTCTC","PRI-1","ATCACG","CGATTGAGGCCGGTAATACGACTCACTATAGGGGTTCAGAGTTCTACAGTCCGACGATCNNNNNNTCCTTCTCTTTTTTTTTTTTTTTTTTTTTTTTV"
"178","LCE508","H14","Single cell","Thymus 3","P5",278,"TAGTCAGC","PRI-1","ATCACG","CGATTGAGGCCGGTAATACGACTCACTATAGGGGTTCAGAGTTCTACAGTCCGACGATCNNNNNNTAGTCAGCTTTTTTTTTTTTTTTTTTTTTTTTV"
"179","LCE508","H15","Single cell","Thymus 3","P5",279,"ACGACATC","PRI-1","ATCACG","CGATTGAGGCCGGTAATACGACTCACTATAGGGGTTCAGAGTTCTACAGTCCGACGATCNNNNNNACGACATCTTTTTTTTTTTTTTTTTTTTTTTTV"
"180","LCE508","H16","Single cell","Thymus 3","P5",280,"GTTGTCAG","PRI-1","ATCACG","CGATTGAGGCCGGTAATACGACTCACTATAGGGGTTCAGAGTTCTACAGTCCGACGATCNNNNNNGTTGTCAGTTTTTTTTTTTTTTTTTTTTTTTTV"
"181","LCE508","H17","Single cell","Thymus 3","P5",281,"CATGGTTG","PRI-1","ATCACG","CGATTGAGGCCGGTAATACGACTCACTATAGGGGTTCAGAGTTCTACAGTCCGACGATCNNNNNNCATGGTTGTTTTTTTTTTTTTTTTTTTTTTTTV"
"182","LCE508","H18","Single cell","Thymus 3","P5",282,"GCGTTGTA","PRI-1","ATCACG","CGATTGAGGCCGGTAATACGACTCACTATAGGGGTTCAGAGTTCTACAGTCCGACGATCNNNNNNGCGTTGTATTTTTTTTTTTTTTTTTTTTTTTTV"
"183","LCE508","H19","Single cell","Thymus 3","P5",283,"GGAGTCTT","PRI-1","ATCACG","CGATTGAGGCCGGTAATACGACTCACTATAGGGGTTCAGAGTTCTACAGTCCGACGATCNNNNNNGGAGTCTTTTTTTTTTTTTTTTTTTTTTTTTTV"
"184","LCE508","H20","Single cell","Thymus 3","P5",284,"AACGCTGT","PRI-1","ATCACG","CGATTGAGGCCGGTAATACGACTCACTATAGGGGTTCAGAGTTCTACAGTCCGACGATCNNNNNNAACGCTGTTTTTTTTTTTTTTTTTTTTTTTTTV"
"185","LCE508","H21","Single cell","Thymus 3","P5",285,"ACGAACTC","PRI-1","ATCACG","CGATTGAGGCCGGTAATACGACTCACTATAGGGGTTCAGAGTTCTACAGTCCGACGATCNNNNNNACGAACTCTTTTTTTTTTTTTTTTTTTTTTTTV"
"186","LCE508","H22","Single cell","Thymus 3","P5",286,"CCTTCTTC","PRI-1","ATCACG","CGATTGAGGCCGGTAATACGACTCACTATAGGGGTTCAGAGTTCTACAGTCCGACGATCNNNNNNCCTTCTTCTTTTTTTTTTTTTTTTTTTTTTTTV"
"187","LCE508","H23","Single cell","Thymus 3","P5",287,"CATACGTG","PRI-1","ATCACG","CGATTGAGGCCGGTAATACGACTCACTATAGGGGTTCAGAGTTCTACAGTCCGACGATCNNNNNNCATACGTGTTTTTTTTTTTTTTTTTTTTTTTTV"
"188","LCE508","H24","Single cell","Thymus 3","P5",288,"ACATTGGC","PRI-1","ATCACG","CGATTGAGGCCGGTAATACGACTCACTATAGGGGTTCAGAGTTCTACAGTCCGACGATCNNNNNNACATTGGCTTTTTTTTTTTTTTTTTTTTTTTTV"
"189","LCE508","I1","Single cell","Thymus 3","P5",289,"ATTGGCGT","PRI-1","ATCACG","CGATTGAGGCCGGTAATACGACTCACTATAGGGGTTCAGAGTTCTACAGTCCGACGATCNNNNNNATTGGCGTTTTTTTTTTTTTTTTTTTTTTTTTV"
"190","LCE508","I2","Single cell","Thymus 3","P5",290,"CACAATCG","PRI-1","ATCACG","CGATTGAGGCCGGTAATACGACTCACTATAGGGGTTCAGAGTTCTACAGTCCGACGATCNNNNNNCACAATCGTTTTTTTTTTTTTTTTTTTTTTTTV"
"191","LCE508","I3","Single cell","Thymus 3","P5",291,"CTAGACCA","PRI-1","ATCACG","CGATTGAGGCCGGTAATACGACTCACTATAGGGGTTCAGAGTTCTACAGTCCGACGATCNNNNNNCTAGACCATTTTTTTTTTTTTTTTTTTTTTTTV"
"192","LCE508","I4","Single cell","Thymus 3","P5",292,"TACGGATC","PRI-1","ATCACG","CGATTGAGGCCGGTAATACGACTCACTATAGGGGTTCAGAGTTCTACAGTCCGACGATCNNNNNNTACGGATCTTTTTTTTTTTTTTTTTTTTTTTTV"
"193","LCE508","I5","Single cell","Thymus 3","P5",293,"AGCAACTC","PRI-1","ATCACG","CGATTGAGGCCGGTAATACGACTCACTATAGGGGTTCAGAGTTCTACAGTCCGACGATCNNNNNNAGCAACTCTTTTTTTTTTTTTTTTTTTTTTTTV"
"194","LCE508","I6","Single cell","Thymus 3","P5",294,"AAGTCGCT","PRI-1","ATCACG","CGATTGAGGCCGGTAATACGACTCACTATAGGGGTTCAGAGTTCTACAGTCCGACGATCNNNNNNAAGTCGCTTTTTTTTTTTTTTTTTTTTTTTTTV"
"195","LCE508","I7","Single cell","Thymus 3","P5",295,"ACAGCACT","PRI-1","ATCACG","CGATTGAGGCCGGTAATACGACTCACTATAGGGGTTCAGAGTTCTACAGTCCGACGATCNNNNNNACAGCACTTTTTTTTTTTTTTTTTTTTTTTTTV"
"196","LCE508","I8","Single cell","Thymus 3","P5",296,"ATCTACGG","PRI-1","ATCACG","CGATTGAGGCCGGTAATACGACTCACTATAGGGGTTCAGAGTTCTACAGTCCGACGATCNNNNNNATCTACGGTTTTTTTTTTTTTTTTTTTTTTTTV"
"197","LCE508","I9","Single cell","Thymus 3","P5",297,"CTATAGGC","PRI-1","ATCACG","CGATTGAGGCCGGTAATACGACTCACTATAGGGGTTCAGAGTTCTACAGTCCGACGATCNNNNNNCTATAGGCTTTTTTTTTTTTTTTTTTTTTTTTV"
"198","LCE508","I10","Single cell","Thymus 3","P5",298,"AAGCTCCA","PRI-1","ATCACG","CGATTGAGGCCGGTAATACGACTCACTATAGGGGTTCAGAGTTCTACAGTCCGACGATCNNNNNNAAGCTCCATTTTTTTTTTTTTTTTTTTTTTTTV"
"199","LCE508","I11","Single cell","Thymus 3","P5",299,"CAATCCAG","PRI-1","ATCACG","CGATTGAGGCCGGTAATACGACTCACTATAGGGGTTCAGAGTTCTACAGTCCGACGATCNNNNNNCAATCCAGTTTTTTTTTTTTTTTTTTTTTTTTV"
"200","LCE508","I12","Single cell","Thymus 3","P5",300,"ATGCAGCT","PRI-1","ATCACG","CGATTGAGGCCGGTAATACGACTCACTATAGGGGTTCAGAGTTCTACAGTCCGACGATCNNNNNNATGCAGCTTTTTTTTTTTTTTTTTTTTTTTTTV"
"201","LCE508","I13","Single cell","Thymus 3","P5",301,"AACCGTAC","PRI-1","ATCACG","CGATTGAGGCCGGTAATACGACTCACTATAGGGGTTCAGAGTTCTACAGTCCGACGATCNNNNNNAACCGTACTTTTTTTTTTTTTTTTTTTTTTTTV"
"202","LCE508","I14","Single cell","Thymus 3","P5",302,"CTCTCTCT","PRI-1","ATCACG","CGATTGAGGCCGGTAATACGACTCACTATAGGGGTTCAGAGTTCTACAGTCCGACGATCNNNNNNCTCTCTCTTTTTTTTTTTTTTTTTTTTTTTTTV"
"203","LCE508","I15","Single cell","Thymus 3","P5",303,"AGCCTAAC","PRI-1","ATCACG","CGATTGAGGCCGGTAATACGACTCACTATAGGGGTTCAGAGTTCTACAGTCCGACGATCNNNNNNAGCCTAACTTTTTTTTTTTTTTTTTTTTTTTTV"
"204","LCE508","I16","Single cell","Thymus 3","P5",304,"CTAAGCCA","PRI-1","ATCACG","CGATTGAGGCCGGTAATACGACTCACTATAGGGGTTCAGAGTTCTACAGTCCGACGATCNNNNNNCTAAGCCATTTTTTTTTTTTTTTTTTTTTTTTV"
"205","LCE508","I17","Single cell","Thymus 3","P5",305,"AAGGAGGA","PRI-1","ATCACG","CGATTGAGGCCGGTAATACGACTCACTATAGGGGTTCAGAGTTCTACAGTCCGACGATCNNNNNNAAGGAGGATTTTTTTTTTTTTTTTTTTTTTTTV"
"206","LCE508","I18","Single cell","Thymus 3","P5",306,"GCAAGCTT","PRI-1","ATCACG","CGATTGAGGCCGGTAATACGACTCACTATAGGGGTTCAGAGTTCTACAGTCCGACGATCNNNNNNGCAAGCTTTTTTTTTTTTTTTTTTTTTTTTTTV"
"207","LCE508","I19","Single cell","Thymus 3","P5",98,"TAGACCAC","PRI-1","ATCACG","CGATTGAGGCCGGTAATACGACTCACTATAGGGGTTCAGAGTTCTACAGTCCGACGATCNNNNNNTAGACCACTTTTTTTTTTTTTTTTTTTTTTTTV"
"208","LCE508","I20","Single cell","Thymus 3","P5",308,"ATGCACCA","PRI-1","ATCACG","CGATTGAGGCCGGTAATACGACTCACTATAGGGGTTCAGAGTTCTACAGTCCGACGATCNNNNNNATGCACCATTTTTTTTTTTTTTTTTTTTTTTTV"
"209","LCE508","I21","Single cell","Thymus 3","P5",309,"GTGACACT","PRI-1","ATCACG","CGATTGAGGCCGGTAATACGACTCACTATAGGGGTTCAGAGTTCTACAGTCCGACGATCNNNNNNGTGACACTTTTTTTTTTTTTTTTTTTTTTTTTV"
"210","LCE508","I22","Single cell","Thymus 3","P5",310,"ATTGCTGG","PRI-1","ATCACG","CGATTGAGGCCGGTAATACGACTCACTATAGGGGTTCAGAGTTCTACAGTCCGACGATCNNNNNNATTGCTGGTTTTTTTTTTTTTTTTTTTTTTTTV"
"211","LCE508","I23","Single cell","Thymus 3","P5",311,"TCGACCAA","PRI-1","ATCACG","CGATTGAGGCCGGTAATACGACTCACTATAGGGGTTCAGAGTTCTACAGTCCGACGATCNNNNNNTCGACCAATTTTTTTTTTTTTTTTTTTTTTTTV"
"212","LCE508","I24","Single cell","Thymus 3","P5",312,"CGTAACTG","PRI-1","ATCACG","CGATTGAGGCCGGTAATACGACTCACTATAGGGGTTCAGAGTTCTACAGTCCGACGATCNNNNNNCGTAACTGTTTTTTTTTTTTTTTTTTTTTTTTV"
"213","LCE508","J1","Single cell","Thymus 3","P5",313,"CACTGCAA","PRI-1","ATCACG","CGATTGAGGCCGGTAATACGACTCACTATAGGGGTTCAGAGTTCTACAGTCCGACGATCNNNNNNCACTGCAATTTTTTTTTTTTTTTTTTTTTTTTV"
"214","LCE508","J2","Single cell","Thymus 3","P5",314,"CAAGACTC","PRI-1","ATCACG","CGATTGAGGCCGGTAATACGACTCACTATAGGGGTTCAGAGTTCTACAGTCCGACGATCNNNNNNCAAGACTCTTTTTTTTTTTTTTTTTTTTTTTTV"
"215","LCE508","J3","Single cell","Thymus 3","P5",315,"GTGCTCAA","PRI-1","ATCACG","CGATTGAGGCCGGTAATACGACTCACTATAGGGGTTCAGAGTTCTACAGTCCGACGATCNNNNNNGTGCTCAATTTTTTTTTTTTTTTTTTTTTTTTV"
"216","LCE508","J4","Single cell","Thymus 3","P5",316,"GGTGCATT","PRI-1","ATCACG","CGATTGAGGCCGGTAATACGACTCACTATAGGGGTTCAGAGTTCTACAGTCCGACGATCNNNNNNGGTGCATTTTTTTTTTTTTTTTTTTTTTTTTTV"
"217","LCE508","J5","Single cell","Thymus 3","P5",317,"GTGTGGTT","PRI-1","ATCACG","CGATTGAGGCCGGTAATACGACTCACTATAGGGGTTCAGAGTTCTACAGTCCGACGATCNNNNNNGTGTGGTTTTTTTTTTTTTTTTTTTTTTTTTTV"
"218","LCE508","J6","Single cell","Thymus 3","P5",318,"GCCAACTA","PRI-1","ATCACG","CGATTGAGGCCGGTAATACGACTCACTATAGGGGTTCAGAGTTCTACAGTCCGACGATCNNNNNNGCCAACTATTTTTTTTTTTTTTTTTTTTTTTTV"
"219","LCE508","J7","Single cell","Thymus 3","P5",319,"TACTGTGG","PRI-1","ATCACG","CGATTGAGGCCGGTAATACGACTCACTATAGGGGTTCAGAGTTCTACAGTCCGACGATCNNNNNNTACTGTGGTTTTTTTTTTTTTTTTTTTTTTTTV"
"220","LCE508","J8","Single cell","Thymus 3","P5",320,"CTACGACA","PRI-1","ATCACG","CGATTGAGGCCGGTAATACGACTCACTATAGGGGTTCAGAGTTCTACAGTCCGACGATCNNNNNNCTACGACATTTTTTTTTTTTTTTTTTTTTTTTV"
"221","LCE508","J9","Single cell","Thymus 3","P5",321,"TACCGAAC","PRI-1","ATCACG","CGATTGAGGCCGGTAATACGACTCACTATAGGGGTTCAGAGTTCTACAGTCCGACGATCNNNNNNTACCGAACTTTTTTTTTTTTTTTTTTTTTTTTV"
"222","LCE508","J10","Single cell","Thymus 3","P5",322,"AGGCCATT","PRI-1","ATCACG","CGATTGAGGCCGGTAATACGACTCACTATAGGGGTTCAGAGTTCTACAGTCCGACGATCNNNNNNAGGCCATTTTTTTTTTTTTTTTTTTTTTTTTTV"
"223","LCE508","J11","Single cell","Thymus 3","P5",323,"CGACCTAA","PRI-1","ATCACG","CGATTGAGGCCGGTAATACGACTCACTATAGGGGTTCAGAGTTCTACAGTCCGACGATCNNNNNNCGACCTAATTTTTTTTTTTTTTTTTTTTTTTTV"
"224","LCE508","J12","Single cell","Thymus 3","P5",324,"CTGTGAGT","PRI-1","ATCACG","CGATTGAGGCCGGTAATACGACTCACTATAGGGGTTCAGAGTTCTACAGTCCGACGATCNNNNNNCTGTGAGTTTTTTTTTTTTTTTTTTTTTTTTTV"
"225","LCE508","J13","Single cell","Thymus 3","P5",325,"CAGACGTT","PRI-1","ATCACG","CGATTGAGGCCGGTAATACGACTCACTATAGGGGTTCAGAGTTCTACAGTCCGACGATCNNNNNNCAGACGTTTTTTTTTTTTTTTTTTTTTTTTTTV"
"226","LCE508","J14","Single cell","Thymus 3","P5",326,"CGAATCCA","PRI-1","ATCACG","CGATTGAGGCCGGTAATACGACTCACTATAGGGGTTCAGAGTTCTACAGTCCGACGATCNNNNNNCGAATCCATTTTTTTTTTTTTTTTTTTTTTTTV"
"227","LCE508","J15","Single cell","Thymus 3","P5",327,"TCCATGAG","PRI-1","ATCACG","CGATTGAGGCCGGTAATACGACTCACTATAGGGGTTCAGAGTTCTACAGTCCGACGATCNNNNNNTCCATGAGTTTTTTTTTTTTTTTTTTTTTTTTV"
"228","LCE508","J16","Single cell","Thymus 3","P5",328,"TCATGGTG","PRI-1","ATCACG","CGATTGAGGCCGGTAATACGACTCACTATAGGGGTTCAGAGTTCTACAGTCCGACGATCNNNNNNTCATGGTGTTTTTTTTTTTTTTTTTTTTTTTTV"
"229","LCE508","J17","Single cell","Thymus 3","P5",329,"CTAACACG","PRI-1","ATCACG","CGATTGAGGCCGGTAATACGACTCACTATAGGGGTTCAGAGTTCTACAGTCCGACGATCNNNNNNCTAACACGTTTTTTTTTTTTTTTTTTTTTTTTV"
"230","LCE508","J18","Single cell","Thymus 3","P5",330,"TCTTCCTC","PRI-1","ATCACG","CGATTGAGGCCGGTAATACGACTCACTATAGGGGTTCAGAGTTCTACAGTCCGACGATCNNNNNNTCTTCCTCTTTTTTTTTTTTTTTTTTTTTTTTV"
"231","LCE508","J19","Single cell","Thymus 3","P5",331,"GCGTTAGT","PRI-1","ATCACG","CGATTGAGGCCGGTAATACGACTCACTATAGGGGTTCAGAGTTCTACAGTCCGACGATCNNNNNNGCGTTAGTTTTTTTTTTTTTTTTTTTTTTTTTV"
"232","LCE508","J20","Single cell","Thymus 3","P5",332,"CTCCTCTT","PRI-1","ATCACG","CGATTGAGGCCGGTAATACGACTCACTATAGGGGTTCAGAGTTCTACAGTCCGACGATCNNNNNNCTCCTCTTTTTTTTTTTTTTTTTTTTTTTTTTV"
"233","LCE508","J21","Single cell","Thymus 3","P5",333,"CGCATGAT","PRI-1","ATCACG","CGATTGAGGCCGGTAATACGACTCACTATAGGGGTTCAGAGTTCTACAGTCCGACGATCNNNNNNCGCATGATTTTTTTTTTTTTTTTTTTTTTTTTV"
"234","LCE508","J22","Single cell","Thymus 3","P5",334,"GACCACTA","PRI-1","ATCACG","CGATTGAGGCCGGTAATACGACTCACTATAGGGGTTCAGAGTTCTACAGTCCGACGATCNNNNNNGACCACTATTTTTTTTTTTTTTTTTTTTTTTTV"
"235","LCE508","J23","Single cell","Thymus 3","P5",335,"TATGGCTG","PRI-1","ATCACG","CGATTGAGGCCGGTAATACGACTCACTATAGGGGTTCAGAGTTCTACAGTCCGACGATCNNNNNNTATGGCTGTTTTTTTTTTTTTTTTTTTTTTTTV"
"236","LCE508","J24","Single cell","Thymus 3","P5",336,"GCATGTAC","PRI-1","ATCACG","CGATTGAGGCCGGTAATACGACTCACTATAGGGGTTCAGAGTTCTACAGTCCGACGATCNNNNNNGCATGTACTTTTTTTTTTTTTTTTTTTTTTTTV"
"237","LCE508","K1","Single cell","Blood 3","P5",337,"TCTCCTCT","PRI-1","ATCACG","CGATTGAGGCCGGTAATACGACTCACTATAGGGGTTCAGAGTTCTACAGTCCGACGATCNNNNNNTCTCCTCTTTTTTTTTTTTTTTTTTTTTTTTTV"
"238","LCE508","K2","Single cell","Blood 3","P5",338,"ACCAACGT","PRI-1","ATCACG","CGATTGAGGCCGGTAATACGACTCACTATAGGGGTTCAGAGTTCTACAGTCCGACGATCNNNNNNACCAACGTTTTTTTTTTTTTTTTTTTTTTTTTV"
"239","LCE508","K3","Single cell","Blood 3","P5",339,"GTAGTGTC","PRI-1","ATCACG","CGATTGAGGCCGGTAATACGACTCACTATAGGGGTTCAGAGTTCTACAGTCCGACGATCNNNNNNGTAGTGTCTTTTTTTTTTTTTTTTTTTTTTTTV"
"240","LCE508","K4","Single cell","Blood 3","P5",340,"TCTCAAGG","PRI-1","ATCACG","CGATTGAGGCCGGTAATACGACTCACTATAGGGGTTCAGAGTTCTACAGTCCGACGATCNNNNNNTCTCAAGGTTTTTTTTTTTTTTTTTTTTTTTTV"
"241","LCE508","K5","Single cell","Blood 3","P5",119,"TCACCGAA","PRI-1","ATCACG","CGATTGAGGCCGGTAATACGACTCACTATAGGGGTTCAGAGTTCTACAGTCCGACGATCNNNNNNTCACCGAATTTTTTTTTTTTTTTTTTTTTTTTV"
"242","LCE508","K6","Single cell","Blood 3","P5",120,"TCATGGAC","PRI-1","ATCACG","CGATTGAGGCCGGTAATACGACTCACTATAGGGGTTCAGAGTTCTACAGTCCGACGATCNNNNNNTCATGGACTTTTTTTTTTTTTTTTTTTTTTTTV"
"243","LCE508","K7","Single cell","Blood 3","P5",343,"ACTTCAGG","PRI-1","ATCACG","CGATTGAGGCCGGTAATACGACTCACTATAGGGGTTCAGAGTTCTACAGTCCGACGATCNNNNNNACTTCAGGTTTTTTTTTTTTTTTTTTTTTTTTV"
"244","LCE508","K8","Single cell","Blood 3","P5",344,"ACCACTGA","PRI-1","ATCACG","CGATTGAGGCCGGTAATACGACTCACTATAGGGGTTCAGAGTTCTACAGTCCGACGATCNNNNNNACCACTGATTTTTTTTTTTTTTTTTTTTTTTTV"
"245","LCE508","K9","Single cell","Blood 3","P5",345,"GCTCTGAA","PRI-1","ATCACG","CGATTGAGGCCGGTAATACGACTCACTATAGGGGTTCAGAGTTCTACAGTCCGACGATCNNNNNNGCTCTGAATTTTTTTTTTTTTTTTTTTTTTTTV"
"246","LCE508","K10","Single cell","Blood 3","P5",346,"CAAGTGTC","PRI-1","ATCACG","CGATTGAGGCCGGTAATACGACTCACTATAGGGGTTCAGAGTTCTACAGTCCGACGATCNNNNNNCAAGTGTCTTTTTTTTTTTTTTTTTTTTTTTTV"
"247","LCE508","K11","Single cell","Blood 3","P5",347,"TGCATGGT","PRI-1","ATCACG","CGATTGAGGCCGGTAATACGACTCACTATAGGGGTTCAGAGTTCTACAGTCCGACGATCNNNNNNTGCATGGTTTTTTTTTTTTTTTTTTTTTTTTTV"
"248","LCE508","K12","Single cell","Blood 3","P5",348,"GCAGTCAT","PRI-1","ATCACG","CGATTGAGGCCGGTAATACGACTCACTATAGGGGTTCAGAGTTCTACAGTCCGACGATCNNNNNNGCAGTCATTTTTTTTTTTTTTTTTTTTTTTTTV"
"249","LCE508","K13","Single cell","Blood 3","P5",349,"ACTACGGT","PRI-1","ATCACG","CGATTGAGGCCGGTAATACGACTCACTATAGGGGTTCAGAGTTCTACAGTCCGACGATCNNNNNNACTACGGTTTTTTTTTTTTTTTTTTTTTTTTTV"
"250","LCE508","K14","Single cell","Blood 3","P5",350,"AACTGTGC","PRI-1","ATCACG","CGATTGAGGCCGGTAATACGACTCACTATAGGGGTTCAGAGTTCTACAGTCCGACGATCNNNNNNAACTGTGCTTTTTTTTTTTTTTTTTTTTTTTTV"
"251","LCE508","K15","Single cell","Blood 3","P5",351,"ACGCACTA","PRI-1","ATCACG","CGATTGAGGCCGGTAATACGACTCACTATAGGGGTTCAGAGTTCTACAGTCCGACGATCNNNNNNACGCACTATTTTTTTTTTTTTTTTTTTTTTTTV"
"252","LCE508","K16","Single cell","Blood 3","P5",352,"AGTCATGC","PRI-1","ATCACG","CGATTGAGGCCGGTAATACGACTCACTATAGGGGTTCAGAGTTCTACAGTCCGACGATCNNNNNNAGTCATGCTTTTTTTTTTTTTTTTTTTTTTTTV"
"253","LCE508","K17","Single cell","Blood 3","P5",353,"TGTATGGC","PRI-1","ATCACG","CGATTGAGGCCGGTAATACGACTCACTATAGGGGTTCAGAGTTCTACAGTCCGACGATCNNNNNNTGTATGGCTTTTTTTTTTTTTTTTTTTTTTTTV"
"254","LCE508","K18","Single cell","Blood 3","P5",354,"GTGGTCTA","PRI-1","ATCACG","CGATTGAGGCCGGTAATACGACTCACTATAGGGGTTCAGAGTTCTACAGTCCGACGATCNNNNNNGTGGTCTATTTTTTTTTTTTTTTTTTTTTTTTV"
"255","LCE508","K19","Single cell","Blood 3","P5",355,"AGTATCCG","PRI-1","ATCACG","CGATTGAGGCCGGTAATACGACTCACTATAGGGGTTCAGAGTTCTACAGTCCGACGATCNNNNNNAGTATCCGTTTTTTTTTTTTTTTTTTTTTTTTV"
"256","LCE508","K20","Single cell","Blood 3","P5",356,"TATTGCGG","PRI-1","ATCACG","CGATTGAGGCCGGTAATACGACTCACTATAGGGGTTCAGAGTTCTACAGTCCGACGATCNNNNNNTATTGCGGTTTTTTTTTTTTTTTTTTTTTTTTV"
"257","LCE508","K21","Single cell","Blood 3","P5",357,"CGTAGCAT","PRI-1","ATCACG","CGATTGAGGCCGGTAATACGACTCACTATAGGGGTTCAGAGTTCTACAGTCCGACGATCNNNNNNCGTAGCATTTTTTTTTTTTTTTTTTTTTTTTTV"
"258","LCE508","K22","Single cell","Blood 3","P5",358,"ACCAAGTC","PRI-1","ATCACG","CGATTGAGGCCGGTAATACGACTCACTATAGGGGTTCAGAGTTCTACAGTCCGACGATCNNNNNNACCAAGTCTTTTTTTTTTTTTTTTTTTTTTTTV"
"259","LCE508","K23","Single cell","Blood 3","P5",359,"CGTGATGT","PRI-1","ATCACG","CGATTGAGGCCGGTAATACGACTCACTATAGGGGTTCAGAGTTCTACAGTCCGACGATCNNNNNNCGTGATGTTTTTTTTTTTTTTTTTTTTTTTTTV"
"260","LCE508","K24","Single cell","Blood 3","P5",360,"CCATCGAA","PRI-1","ATCACG","CGATTGAGGCCGGTAATACGACTCACTATAGGGGTTCAGAGTTCTACAGTCCGACGATCNNNNNNCCATCGAATTTTTTTTTTTTTTTTTTTTTTTTV"
"261","LCE508","L1","Single cell","Thymus 1","P5",361,"CTAGGATC","PRI-1","ATCACG","CGATTGAGGCCGGTAATACGACTCACTATAGGGGTTCAGAGTTCTACAGTCCGACGATCNNNNNNCTAGGATCTTTTTTTTTTTTTTTTTTTTTTTTV"
"262","LCE508","L2","Single cell","Thymus 1","P5",362,"ACACGCAT","PRI-1","ATCACG","CGATTGAGGCCGGTAATACGACTCACTATAGGGGTTCAGAGTTCTACAGTCCGACGATCNNNNNNACACGCATTTTTTTTTTTTTTTTTTTTTTTTTV"
"263","LCE508","L3","Single cell","Thymus 1","P5",363,"TGCGGATT","PRI-1","ATCACG","CGATTGAGGCCGGTAATACGACTCACTATAGGGGTTCAGAGTTCTACAGTCCGACGATCNNNNNNTGCGGATTTTTTTTTTTTTTTTTTTTTTTTTTV"
"264","LCE508","L4","Single cell","Thymus 1","P5",364,"CGACCATA","PRI-1","ATCACG","CGATTGAGGCCGGTAATACGACTCACTATAGGGGTTCAGAGTTCTACAGTCCGACGATCNNNNNNCGACCATATTTTTTTTTTTTTTTTTTTTTTTTV"
"265","LCE508","L5","Single cell","Thymus 1","P5",365,"TCGCACAA","PRI-1","ATCACG","CGATTGAGGCCGGTAATACGACTCACTATAGGGGTTCAGAGTTCTACAGTCCGACGATCNNNNNNTCGCACAATTTTTTTTTTTTTTTTTTTTTTTTV"
"266","LCE508","L6","Single cell","Thymus 1","P5",366,"AGCTGTTG","PRI-1","ATCACG","CGATTGAGGCCGGTAATACGACTCACTATAGGGGTTCAGAGTTCTACAGTCCGACGATCNNNNNNAGCTGTTGTTTTTTTTTTTTTTTTTTTTTTTTV"
"267","LCE508","L7","Single cell","Thymus 1","P5",367,"GAACTTCG","PRI-1","ATCACG","CGATTGAGGCCGGTAATACGACTCACTATAGGGGTTCAGAGTTCTACAGTCCGACGATCNNNNNNGAACTTCGTTTTTTTTTTTTTTTTTTTTTTTTV"
"268","LCE508","L8","Single cell","Thymus 1","P5",368,"TGGTGATC","PRI-1","ATCACG","CGATTGAGGCCGGTAATACGACTCACTATAGGGGTTCAGAGTTCTACAGTCCGACGATCNNNNNNTGGTGATCTTTTTTTTTTTTTTTTTTTTTTTTV"
"269","LCE508","L9","Single cell","Thymus 1","P5",369,"CGATAGCT","PRI-1","ATCACG","CGATTGAGGCCGGTAATACGACTCACTATAGGGGTTCAGAGTTCTACAGTCCGACGATCNNNNNNCGATAGCTTTTTTTTTTTTTTTTTTTTTTTTTV"
"270","LCE508","L10","Single cell","Thymus 1","P5",370,"ATCCGCAA","PRI-1","ATCACG","CGATTGAGGCCGGTAATACGACTCACTATAGGGGTTCAGAGTTCTACAGTCCGACGATCNNNNNNATCCGCAATTTTTTTTTTTTTTTTTTTTTTTTV"
"271","LCE508","L11","Single cell","Thymus 1","P5",371,"CGCTAGTA","PRI-1","ATCACG","CGATTGAGGCCGGTAATACGACTCACTATAGGGGTTCAGAGTTCTACAGTCCGACGATCNNNNNNCGCTAGTATTTTTTTTTTTTTTTTTTTTTTTTV"
"272","LCE508","L12","Single cell","Thymus 1","P5",372,"CGCAACAT","PRI-1","ATCACG","CGATTGAGGCCGGTAATACGACTCACTATAGGGGTTCAGAGTTCTACAGTCCGACGATCNNNNNNCGCAACATTTTTTTTTTTTTTTTTTTTTTTTTV"
"273","LCE508","L13","Single cell","Thymus 1","P5",373,"GACCTACA","PRI-1","ATCACG","CGATTGAGGCCGGTAATACGACTCACTATAGGGGTTCAGAGTTCTACAGTCCGACGATCNNNNNNGACCTACATTTTTTTTTTTTTTTTTTTTTTTTV"
"274","LCE508","L14","Single cell","Thymus 1","P5",374,"AGGAAGGA","PRI-1","ATCACG","CGATTGAGGCCGGTAATACGACTCACTATAGGGGTTCAGAGTTCTACAGTCCGACGATCNNNNNNAGGAAGGATTTTTTTTTTTTTTTTTTTTTTTTV"
"275","LCE508","L15","Single cell","Thymus 1","P5",375,"CAACATGC","PRI-1","ATCACG","CGATTGAGGCCGGTAATACGACTCACTATAGGGGTTCAGAGTTCTACAGTCCGACGATCNNNNNNCAACATGCTTTTTTTTTTTTTTTTTTTTTTTTV"
"276","LCE508","L16","Single cell","Thymus 1","P5",376,"CCAATAGC","PRI-1","ATCACG","CGATTGAGGCCGGTAATACGACTCACTATAGGGGTTCAGAGTTCTACAGTCCGACGATCNNNNNNCCAATAGCTTTTTTTTTTTTTTTTTTTTTTTTV"
"277","LCE508","L17","Single cell","Thymus 1","P5",377,"TCGAGTTG","PRI-1","ATCACG","CGATTGAGGCCGGTAATACGACTCACTATAGGGGTTCAGAGTTCTACAGTCCGACGATCNNNNNNTCGAGTTGTTTTTTTTTTTTTTTTTTTTTTTTV"
"278","LCE508","L18","Single cell","Thymus 1","P5",378,"GCGCAATT","PRI-1","ATCACG","CGATTGAGGCCGGTAATACGACTCACTATAGGGGTTCAGAGTTCTACAGTCCGACGATCNNNNNNGCGCAATTTTTTTTTTTTTTTTTTTTTTTTTTV"
"279","LCE508","L19","Single cell","Thymus 1","P5",379,"ACCATGTG","PRI-1","ATCACG","CGATTGAGGCCGGTAATACGACTCACTATAGGGGTTCAGAGTTCTACAGTCCGACGATCNNNNNNACCATGTGTTTTTTTTTTTTTTTTTTTTTTTTV"
"280","LCE508","L20","Single cell","Thymus 1","P5",380,"CACACTAG","PRI-1","ATCACG","CGATTGAGGCCGGTAATACGACTCACTATAGGGGTTCAGAGTTCTACAGTCCGACGATCNNNNNNCACACTAGTTTTTTTTTTTTTTTTTTTTTTTTV"
"281","LCE508","L21","Single cell","Thymus 1","P5",381,"TGCAATGC","PRI-1","ATCACG","CGATTGAGGCCGGTAATACGACTCACTATAGGGGTTCAGAGTTCTACAGTCCGACGATCNNNNNNTGCAATGCTTTTTTTTTTTTTTTTTTTTTTTTV"
"282","LCE508","L22","Single cell","Thymus 1","P5",382,"GCAATGTC","PRI-1","ATCACG","CGATTGAGGCCGGTAATACGACTCACTATAGGGGTTCAGAGTTCTACAGTCCGACGATCNNNNNNGCAATGTCTTTTTTTTTTTTTTTTTTTTTTTTV"
"283","LCE508","L23","Single cell","Thymus 1","P5",383,"TGGTCTGA","PRI-1","ATCACG","CGATTGAGGCCGGTAATACGACTCACTATAGGGGTTCAGAGTTCTACAGTCCGACGATCNNNNNNTGGTCTGATTTTTTTTTTTTTTTTTTTTTTTTV"
"284","LCE508","L24","Single cell","Thymus 1","P5",384,"GTCATGTG","PRI-1","ATCACG","CGATTGAGGCCGGTAATACGACTCACTATAGGGGTTCAGAGTTCTACAGTCCGACGATCNNNNNNGTCATGTGTTTTTTTTTTTTTTTTTTTTTTTTV"
"285","LCE508","M1","Single cell","Thymus 1","P5",385,"GTCATGCA","PRI-1","ATCACG","CGATTGAGGCCGGTAATACGACTCACTATAGGGGTTCAGAGTTCTACAGTCCGACGATCNNNNNNGTCATGCATTTTTTTTTTTTTTTTTTTTTTTTV"
"286","LCE508","M2","Single cell","Thymus 1","P5",386,"GGTACACT","PRI-1","ATCACG","CGATTGAGGCCGGTAATACGACTCACTATAGGGGTTCAGAGTTCTACAGTCCGACGATCNNNNNNGGTACACTTTTTTTTTTTTTTTTTTTTTTTTTV"
"287","LCE508","M3","Single cell","Thymus 1","P5",387,"TCAAGCAC","PRI-1","ATCACG","CGATTGAGGCCGGTAATACGACTCACTATAGGGGTTCAGAGTTCTACAGTCCGACGATCNNNNNNTCAAGCACTTTTTTTTTTTTTTTTTTTTTTTTV"
"288","LCE508","M4","Single cell","Thymus 1","P5",388,"GCAAGTTC","PRI-1","ATCACG","CGATTGAGGCCGGTAATACGACTCACTATAGGGGTTCAGAGTTCTACAGTCCGACGATCNNNNNNGCAAGTTCTTTTTTTTTTTTTTTTTTTTTTTTV"
"289","LCE508","M5","Single cell","Thymus 1","P5",389,"GGTATCGT","PRI-1","ATCACG","CGATTGAGGCCGGTAATACGACTCACTATAGGGGTTCAGAGTTCTACAGTCCGACGATCNNNNNNGGTATCGTTTTTTTTTTTTTTTTTTTTTTTTTV"
"290","LCE508","M6","Single cell","Thymus 1","P5",390,"ATGTCCAG","PRI-1","ATCACG","CGATTGAGGCCGGTAATACGACTCACTATAGGGGTTCAGAGTTCTACAGTCCGACGATCNNNNNNATGTCCAGTTTTTTTTTTTTTTTTTTTTTTTTV"
"291","LCE508","M7","Single cell","Thymus 1","P5",391,"ACTCTGAG","PRI-1","ATCACG","CGATTGAGGCCGGTAATACGACTCACTATAGGGGTTCAGAGTTCTACAGTCCGACGATCNNNNNNACTCTGAGTTTTTTTTTTTTTTTTTTTTTTTTV"
"292","LCE508","M8","Single cell","Thymus 1","P5",392,"GGCCAATT","PRI-1","ATCACG","CGATTGAGGCCGGTAATACGACTCACTATAGGGGTTCAGAGTTCTACAGTCCGACGATCNNNNNNGGCCAATTTTTTTTTTTTTTTTTTTTTTTTTTV"
"293","LCE508","M9","Single cell","Thymus 1","P5",393,"CATTGTGG","PRI-1","ATCACG","CGATTGAGGCCGGTAATACGACTCACTATAGGGGTTCAGAGTTCTACAGTCCGACGATCNNNNNNCATTGTGGTTTTTTTTTTTTTTTTTTTTTTTTV"
"294","LCE508","M10","Single cell","Thymus 1","P5",394,"GATTGGTC","PRI-1","ATCACG","CGATTGAGGCCGGTAATACGACTCACTATAGGGGTTCAGAGTTCTACAGTCCGACGATCNNNNNNGATTGGTCTTTTTTTTTTTTTTTTTTTTTTTTV"
"295","LCE508","M11","Single cell","Thymus 1","P5",395,"TCAGGCAT","PRI-1","ATCACG","CGATTGAGGCCGGTAATACGACTCACTATAGGGGTTCAGAGTTCTACAGTCCGACGATCNNNNNNTCAGGCATTTTTTTTTTTTTTTTTTTTTTTTTV"
"296","LCE508","M12","Single cell","Thymus 1","P5",396,"TGCGGTTA","PRI-1","ATCACG","CGATTGAGGCCGGTAATACGACTCACTATAGGGGTTCAGAGTTCTACAGTCCGACGATCNNNNNNTGCGGTTATTTTTTTTTTTTTTTTTTTTTTTTV"
"297","LCE508","M13","Single cell","Thymus 1","P5",397,"GACATGCT","PRI-1","ATCACG","CGATTGAGGCCGGTAATACGACTCACTATAGGGGTTCAGAGTTCTACAGTCCGACGATCNNNNNNGACATGCTTTTTTTTTTTTTTTTTTTTTTTTTV"
"298","LCE508","M14","Single cell","Thymus 1","P5",398,"TAAGCTGC","PRI-1","ATCACG","CGATTGAGGCCGGTAATACGACTCACTATAGGGGTTCAGAGTTCTACAGTCCGACGATCNNNNNNTAAGCTGCTTTTTTTTTTTTTTTTTTTTTTTTV"
"299","LCE508","M15","Single cell","Thymus 1","P5",399,"AGCGTATC","PRI-1","ATCACG","CGATTGAGGCCGGTAATACGACTCACTATAGGGGTTCAGAGTTCTACAGTCCGACGATCNNNNNNAGCGTATCTTTTTTTTTTTTTTTTTTTTTTTTV"
"300","LCE508","M16","Single cell","Thymus 1","P5",400,"ATTGCCGA","PRI-1","ATCACG","CGATTGAGGCCGGTAATACGACTCACTATAGGGGTTCAGAGTTCTACAGTCCGACGATCNNNNNNATTGCCGATTTTTTTTTTTTTTTTTTTTTTTTV"
"301","LCE508","M17","Single cell","Thymus 1","P5",401,"TAGGTTGC","PRI-1","ATCACG","CGATTGAGGCCGGTAATACGACTCACTATAGGGGTTCAGAGTTCTACAGTCCGACGATCNNNNNNTAGGTTGCTTTTTTTTTTTTTTTTTTTTTTTTV"
"302","LCE508","M18","Single cell","Thymus 1","P5",402,"TGGCAACT","PRI-1","ATCACG","CGATTGAGGCCGGTAATACGACTCACTATAGGGGTTCAGAGTTCTACAGTCCGACGATCNNNNNNTGGCAACTTTTTTTTTTTTTTTTTTTTTTTTTV"
"303","LCE508","M19","Single cell","Thymus 1","P5",97,"GTAGCTCA","PRI-1","ATCACG","CGATTGAGGCCGGTAATACGACTCACTATAGGGGTTCAGAGTTCTACAGTCCGACGATCNNNNNNGTAGCTCATTTTTTTTTTTTTTTTTTTTTTTTV"
"304","LCE508","M20","Single cell","Thymus 1","P5",404,"GCCAATTG","PRI-1","ATCACG","CGATTGAGGCCGGTAATACGACTCACTATAGGGGTTCAGAGTTCTACAGTCCGACGATCNNNNNNGCCAATTGTTTTTTTTTTTTTTTTTTTTTTTTV"
"305","LCE508","M21","Single cell","Thymus 1","P5",405,"TGCCAGAT","PRI-1","ATCACG","CGATTGAGGCCGGTAATACGACTCACTATAGGGGTTCAGAGTTCTACAGTCCGACGATCNNNNNNTGCCAGATTTTTTTTTTTTTTTTTTTTTTTTTV"
"306","LCE508","M22","Single cell","Thymus 1","P5",406,"TAGCGTCA","PRI-1","ATCACG","CGATTGAGGCCGGTAATACGACTCACTATAGGGGTTCAGAGTTCTACAGTCCGACGATCNNNNNNTAGCGTCATTTTTTTTTTTTTTTTTTTTTTTTV"
"307","LCE508","M23","Single cell","Thymus 1","P5",407,"ACCAAGCT","PRI-1","ATCACG","CGATTGAGGCCGGTAATACGACTCACTATAGGGGTTCAGAGTTCTACAGTCCGACGATCNNNNNNACCAAGCTTTTTTTTTTTTTTTTTTTTTTTTTV"
"308","LCE508","M24","Single cell","Thymus 1","P5",408,"AGCATGTC","PRI-1","ATCACG","CGATTGAGGCCGGTAATACGACTCACTATAGGGGTTCAGAGTTCTACAGTCCGACGATCNNNNNNAGCATGTCTTTTTTTTTTTTTTTTTTTTTTTTV"
"309","LCE508","N1","Single cell","Thymus 1","P5",409,"GCGCTTAA","PRI-1","ATCACG","CGATTGAGGCCGGTAATACGACTCACTATAGGGGTTCAGAGTTCTACAGTCCGACGATCNNNNNNGCGCTTAATTTTTTTTTTTTTTTTTTTTTTTTV"
"310","LCE508","N2","Single cell","Thymus 1","P5",410,"GTTACCGA","PRI-1","ATCACG","CGATTGAGGCCGGTAATACGACTCACTATAGGGGTTCAGAGTTCTACAGTCCGACGATCNNNNNNGTTACCGATTTTTTTTTTTTTTTTTTTTTTTTV"
"311","LCE508","N3","Single cell","Thymus 1","P5",411,"GGACTTGT","PRI-1","ATCACG","CGATTGAGGCCGGTAATACGACTCACTATAGGGGTTCAGAGTTCTACAGTCCGACGATCNNNNNNGGACTTGTTTTTTTTTTTTTTTTTTTTTTTTTV"
"312","LCE508","N4","Single cell","Thymus 1","P5",412,"TGACCATG","PRI-1","ATCACG","CGATTGAGGCCGGTAATACGACTCACTATAGGGGTTCAGAGTTCTACAGTCCGACGATCNNNNNNTGACCATGTTTTTTTTTTTTTTTTTTTTTTTTV"
"313","LCE508","N5","Single cell","Thymus 1","P5",413,"ACCGTGAT","PRI-1","ATCACG","CGATTGAGGCCGGTAATACGACTCACTATAGGGGTTCAGAGTTCTACAGTCCGACGATCNNNNNNACCGTGATTTTTTTTTTTTTTTTTTTTTTTTTV"
"314","LCE508","N6","Single cell","Thymus 1","P5",414,"ATGCAGTC","PRI-1","ATCACG","CGATTGAGGCCGGTAATACGACTCACTATAGGGGTTCAGAGTTCTACAGTCCGACGATCNNNNNNATGCAGTCTTTTTTTTTTTTTTTTTTTTTTTTV"
"315","LCE508","N7","Single cell","Thymus 1","P5",415,"CGTAGTGT","PRI-1","ATCACG","CGATTGAGGCCGGTAATACGACTCACTATAGGGGTTCAGAGTTCTACAGTCCGACGATCNNNNNNCGTAGTGTTTTTTTTTTTTTTTTTTTTTTTTTV"
"316","LCE508","N8","Single cell","Thymus 1","P5",416,"AGGTTCAC","PRI-1","ATCACG","CGATTGAGGCCGGTAATACGACTCACTATAGGGGTTCAGAGTTCTACAGTCCGACGATCNNNNNNAGGTTCACTTTTTTTTTTTTTTTTTTTTTTTTV"
"317","LCE508","N9","Single cell","Thymus 1","P5",417,"TGGTTGCA","PRI-1","ATCACG","CGATTGAGGCCGGTAATACGACTCACTATAGGGGTTCAGAGTTCTACAGTCCGACGATCNNNNNNTGGTTGCATTTTTTTTTTTTTTTTTTTTTTTTV"
"318","LCE508","N10","Single cell","Thymus 1","P5",418,"TAGCCGAT","PRI-1","ATCACG","CGATTGAGGCCGGTAATACGACTCACTATAGGGGTTCAGAGTTCTACAGTCCGACGATCNNNNNNTAGCCGATTTTTTTTTTTTTTTTTTTTTTTTTV"
"319","LCE508","N11","Single cell","Thymus 1","P5",419,"CAGTACCA","PRI-1","ATCACG","CGATTGAGGCCGGTAATACGACTCACTATAGGGGTTCAGAGTTCTACAGTCCGACGATCNNNNNNCAGTACCATTTTTTTTTTTTTTTTTTTTTTTTV"
"320","LCE508","N12","Single cell","Thymus 1","P5",420,"CAATTGGC","PRI-1","ATCACG","CGATTGAGGCCGGTAATACGACTCACTATAGGGGTTCAGAGTTCTACAGTCCGACGATCNNNNNNCAATTGGCTTTTTTTTTTTTTTTTTTTTTTTTV"
"321","LCE508","N13","Single cell","Thymus 1","P5",421,"TGCTAGGT","PRI-1","ATCACG","CGATTGAGGCCGGTAATACGACTCACTATAGGGGTTCAGAGTTCTACAGTCCGACGATCNNNNNNTGCTAGGTTTTTTTTTTTTTTTTTTTTTTTTTV"
"322","LCE508","N14","Single cell","Thymus 1","P5",422,"AACGTCAC","PRI-1","ATCACG","CGATTGAGGCCGGTAATACGACTCACTATAGGGGTTCAGAGTTCTACAGTCCGACGATCNNNNNNAACGTCACTTTTTTTTTTTTTTTTTTTTTTTTV"
"323","LCE508","N15","Single cell","Thymus 1","P5",423,"CATCACGA","PRI-1","ATCACG","CGATTGAGGCCGGTAATACGACTCACTATAGGGGTTCAGAGTTCTACAGTCCGACGATCNNNNNNCCGATGTATTTTTTTTTTTTTTTTTTTTTTTTV"
"324","LCE508","N16","Single cell","Thymus 1","P5",424,"GGTTAGCT","PRI-1","ATCACG","CGATTGAGGCCGGTAATACGACTCACTATAGGGGTTCAGAGTTCTACAGTCCGACGATCNNNNNNGGTTAGCTTTTTTTTTTTTTTTTTTTTTTTTTV"
"325","LCE508","N17","Single cell","Thymus 1","P5",425,"GTCAGTAC","PRI-1","ATCACG","CGATTGAGGCCGGTAATACGACTCACTATAGGGGTTCAGAGTTCTACAGTCCGACGATCNNNNNNGTCAGTACTTTTTTTTTTTTTTTTTTTTTTTTV"
"326","LCE508","N18","Single cell","Thymus 1","P5",426,"CAATCGGT","PRI-1","ATCACG","CGATTGAGGCCGGTAATACGACTCACTATAGGGGTTCAGAGTTCTACAGTCCGACGATCNNNNNNCAATCGGTTTTTTTTTTTTTTTTTTTTTTTTTV"
"327","LCE508","N19","Single cell","Thymus 1","P5",427,"GCGTGTAT","PRI-1","ATCACG","CGATTGAGGCCGGTAATACGACTCACTATAGGGGTTCAGAGTTCTACAGTCCGACGATCNNNNNNGCGTGTATTTTTTTTTTTTTTTTTTTTTTTTTV"
"328","LCE508","N20","Single cell","Thymus 1","P5",428,"GCATGTGT","PRI-1","ATCACG","CGATTGAGGCCGGTAATACGACTCACTATAGGGGTTCAGAGTTCTACAGTCCGACGATCNNNNNNGCATGTGTTTTTTTTTTTTTTTTTTTTTTTTTV"
"329","LCE508","N21","Single cell","Thymus 1","P5",429,"GTTGAGTC","PRI-1","ATCACG","CGATTGAGGCCGGTAATACGACTCACTATAGGGGTTCAGAGTTCTACAGTCCGACGATCNNNNNNGTTGAGTCTTTTTTTTTTTTTTTTTTTTTTTTV"
"330","LCE508","N22","Single cell","Thymus 1","P5",430,"CACTACAG","PRI-1","ATCACG","CGATTGAGGCCGGTAATACGACTCACTATAGGGGTTCAGAGTTCTACAGTCCGACGATCNNNNNNCACTACAGTTTTTTTTTTTTTTTTTTTTTTTTV"
"331","LCE508","N23","Single cell","Thymus 1","P5",431,"GTATGGTC","PRI-1","ATCACG","CGATTGAGGCCGGTAATACGACTCACTATAGGGGTTCAGAGTTCTACAGTCCGACGATCNNNNNNGTATGGTCTTTTTTTTTTTTTTTTTTTTTTTTV"
"332","LCE508","N24","Single cell","Thymus 1","P5",432,"TCGCTGAA","PRI-1","ATCACG","CGATTGAGGCCGGTAATACGACTCACTATAGGGGTTCAGAGTTCTACAGTCCGACGATCNNNNNNTCGCTGAATTTTTTTTTTTTTTTTTTTTTTTTV"
"333","LCE508","O1","Single cell","Thymus 1","P5",433,"CTCAAGAC","PRI-1","ATCACG","CGATTGAGGCCGGTAATACGACTCACTATAGGGGTTCAGAGTTCTACAGTCCGACGATCNNNNNNCTCAAGACTTTTTTTTTTTTTTTTTTTTTTTTV"
"334","LCE508","O2","Single cell","Thymus 1","P5",434,"GCCATGAT","PRI-1","ATCACG","CGATTGAGGCCGGTAATACGACTCACTATAGGGGTTCAGAGTTCTACAGTCCGACGATCNNNNNNGCCATGATTTTTTTTTTTTTTTTTTTTTTTTTV"
"335","LCE508","O3","Single cell","Thymus 1","P5",435,"ATTGTGGC","PRI-1","ATCACG","CGATTGAGGCCGGTAATACGACTCACTATAGGGGTTCAGAGTTCTACAGTCCGACGATCNNNNNNATTGTGGCTTTTTTTTTTTTTTTTTTTTTTTTV"
"336","LCE508","O4","Single cell","Thymus 1","P5",436,"AGCACTTG","PRI-1","ATCACG","CGATTGAGGCCGGTAATACGACTCACTATAGGGGTTCAGAGTTCTACAGTCCGACGATCNNNNNNAGCACTTGTTTTTTTTTTTTTTTTTTTTTTTTV"
"337","LCE508","O5","Single cell","Thymus 1","P5",437,"TCACACGA","PRI-1","ATCACG","CGATTGAGGCCGGTAATACGACTCACTATAGGGGTTCAGAGTTCTACAGTCCGACGATCNNNNNNTCACACGATTTTTTTTTTTTTTTTTTTTTTTTV"
"338","LCE508","O6","Single cell","Thymus 1","P5",438,"CCACTAAG","PRI-1","ATCACG","CGATTGAGGCCGGTAATACGACTCACTATAGGGGTTCAGAGTTCTACAGTCCGACGATCNNNNNNCCACTAAGTTTTTTTTTTTTTTTTTTTTTTTTV"
"339","LCE508","O7","Single cell","Thymus 1","P5",439,"TACCGTGA","PRI-1","ATCACG","CGATTGAGGCCGGTAATACGACTCACTATAGGGGTTCAGAGTTCTACAGTCCGACGATCNNNNNNTACCGTGATTTTTTTTTTTTTTTTTTTTTTTTV"
"340","LCE508","O8","Single cell","Thymus 1","P5",440,"GCCATCAA","PRI-1","ATCACG","CGATTGAGGCCGGTAATACGACTCACTATAGGGGTTCAGAGTTCTACAGTCCGACGATCNNNNNNGCCATCAATTTTTTTTTTTTTTTTTTTTTTTTV"
"341","LCE508","O9","Single cell","Thymus 1","P5",441,"GGCTATCA","PRI-1","ATCACG","CGATTGAGGCCGGTAATACGACTCACTATAGGGGTTCAGAGTTCTACAGTCCGACGATCNNNNNNGGCTATCATTTTTTTTTTTTTTTTTTTTTTTTV"
"342","LCE508","O10","Single cell","Thymus 1","P5",442,"GGTCCAAT","PRI-1","ATCACG","CGATTGAGGCCGGTAATACGACTCACTATAGGGGTTCAGAGTTCTACAGTCCGACGATCNNNNNNGGTCCAATTTTTTTTTTTTTTTTTTTTTTTTTV"
"343","LCE508","O11","Single cell","Thymus 1","P5",443,"GTGAGTTC","PRI-1","ATCACG","CGATTGAGGCCGGTAATACGACTCACTATAGGGGTTCAGAGTTCTACAGTCCGACGATCNNNNNNGTGAGTTCTTTTTTTTTTTTTTTTTTTTTTTTV"
"344","LCE508","O12","Single cell","Thymus 1","P5",444,"ATGGTCCA","PRI-1","ATCACG","CGATTGAGGCCGGTAATACGACTCACTATAGGGGTTCAGAGTTCTACAGTCCGACGATCNNNNNNATGGTCCATTTTTTTTTTTTTTTTTTTTTTTTV"
"345","LCE508","O13","Single cell","Thymus 1","P5",445,"GGAAGAAG","PRI-1","ATCACG","CGATTGAGGCCGGTAATACGACTCACTATAGGGGTTCAGAGTTCTACAGTCCGACGATCNNNNNNGGAAGAAGTTTTTTTTTTTTTTTTTTTTTTTTV"
"346","LCE508","O14","Single cell","Thymus 1","P5",446,"GAGACCTT","PRI-1","ATCACG","CGATTGAGGCCGGTAATACGACTCACTATAGGGGTTCAGAGTTCTACAGTCCGACGATCNNNNNNGAGACCTTTTTTTTTTTTTTTTTTTTTTTTTTV"
"347","LCE508","O15","Single cell","Thymus 1","P5",447,"AGCTCATG","PRI-1","ATCACG","CGATTGAGGCCGGTAATACGACTCACTATAGGGGTTCAGAGTTCTACAGTCCGACGATCNNNNNNAGCTCATGTTTTTTTTTTTTTTTTTTTTTTTTV"
"348","LCE508","O16","Single cell","Thymus 1","P5",448,"CTCACAGA","PRI-1","ATCACG","CGATTGAGGCCGGTAATACGACTCACTATAGGGGTTCAGAGTTCTACAGTCCGACGATCNNNNNNCTCACAGATTTTTTTTTTTTTTTTTTTTTTTTV"
"349","LCE508","O17","Single cell","Thymus 1","P5",449,"GAATCCAC","PRI-1","ATCACG","CGATTGAGGCCGGTAATACGACTCACTATAGGGGTTCAGAGTTCTACAGTCCGACGATCNNNNNNGAATCCACTTTTTTTTTTTTTTTTTTTTTTTTV"
"350","LCE508","O18","Single cell","Thymus 1","P5",450,"CGTCGATA","PRI-1","ATCACG","CGATTGAGGCCGGTAATACGACTCACTATAGGGGTTCAGAGTTCTACAGTCCGACGATCNNNNNNCGTCGATATTTTTTTTTTTTTTTTTTTTTTTTV"
"351","LCE508","O19","Single cell","Thymus 1","P5",451,"TCCAGTGA","PRI-1","ATCACG","CGATTGAGGCCGGTAATACGACTCACTATAGGGGTTCAGAGTTCTACAGTCCGACGATCNNNNNNTCCAGTGATTTTTTTTTTTTTTTTTTTTTTTTV"
"352","LCE508","O20","Single cell","Thymus 1","P5",452,"CGCAATAC","PRI-1","ATCACG","CGATTGAGGCCGGTAATACGACTCACTATAGGGGTTCAGAGTTCTACAGTCCGACGATCNNNNNNCGCAATACTTTTTTTTTTTTTTTTTTTTTTTTV"
"353","LCE508","O21","Single cell","Thymus 1","P5",453,"AGTGTCTG","PRI-1","ATCACG","CGATTGAGGCCGGTAATACGACTCACTATAGGGGTTCAGAGTTCTACAGTCCGACGATCNNNNNNAGTGTCTGTTTTTTTTTTTTTTTTTTTTTTTTV"
"354","LCE508","O22","Single cell","Thymus 1","P5",454,"CAACTAGC","PRI-1","ATCACG","CGATTGAGGCCGGTAATACGACTCACTATAGGGGTTCAGAGTTCTACAGTCCGACGATCNNNNNNCAACTAGCTTTTTTTTTTTTTTTTTTTTTTTTV"
"355","LCE508","O23","Single cell","Thymus 1","P5",455,"ATACCACG","PRI-1","ATCACG","CGATTGAGGCCGGTAATACGACTCACTATAGGGGTTCAGAGTTCTACAGTCCGACGATCNNNNNNATACCACGTTTTTTTTTTTTTTTTTTTTTTTTV"
"356","LCE508","O24","Single cell","Thymus 1","P5",456,"TAGGCTGT","PRI-1","ATCACG","CGATTGAGGCCGGTAATACGACTCACTATAGGGGTTCAGAGTTCTACAGTCCGACGATCNNNNNNTAGGCTGTTTTTTTTTTTTTTTTTTTTTTTTTV"
"357","LCE508","P3","Single cell","Blood 1","P5",459,"ACGCCATA","PRI-1","ATCACG","CGATTGAGGCCGGTAATACGACTCACTATAGGGGTTCAGAGTTCTACAGTCCGACGATCNNNNNNACGCCATATTTTTTTTTTTTTTTTTTTTTTTTV"
"358","LCE508","P4","Single cell","Blood 1","P5",460,"TACAGCGT","PRI-1","ATCACG","CGATTGAGGCCGGTAATACGACTCACTATAGGGGTTCAGAGTTCTACAGTCCGACGATCNNNNNNTACAGCGTTTTTTTTTTTTTTTTTTTTTTTTTV"
"359","LCE508","P5","Single cell","Blood 1","P5",461,"GGTGATTC","PRI-1","ATCACG","CGATTGAGGCCGGTAATACGACTCACTATAGGGGTTCAGAGTTCTACAGTCCGACGATCNNNNNNGGTGATTCTTTTTTTTTTTTTTTTTTTTTTTTV"
"360","LCE508","P6","Single cell","Blood 1","P5",462,"TAGGCCAT","PRI-1","ATCACG","CGATTGAGGCCGGTAATACGACTCACTATAGGGGTTCAGAGTTCTACAGTCCGACGATCNNNNNNTAGGCCATTTTTTTTTTTTTTTTTTTTTTTTTV"
"361","LCE508","P7","Single cell","Blood 1","P5",463,"TGCAGACT","PRI-1","ATCACG","CGATTGAGGCCGGTAATACGACTCACTATAGGGGTTCAGAGTTCTACAGTCCGACGATCNNNNNNTGCAGACTTTTTTTTTTTTTTTTTTTTTTTTTV"
"362","LCE508","P8","Single cell","Blood 1","P5",464,"GAGAGAAG","PRI-1","ATCACG","CGATTGAGGCCGGTAATACGACTCACTATAGGGGTTCAGAGTTCTACAGTCCGACGATCNNNNNNGAGAGAAGTTTTTTTTTTTTTTTTTTTTTTTTV"
"363","LCE508","P9","Single cell","Blood 1","P5",465,"CTACGAAC","PRI-1","ATCACG","CGATTGAGGCCGGTAATACGACTCACTATAGGGGTTCAGAGTTCTACAGTCCGACGATCNNNNNNCTACGAACTTTTTTTTTTTTTTTTTTTTTTTTV"
"364","LCE508","P10","Single cell","Blood 1","P5",466,"AACACCAC","PRI-1","ATCACG","CGATTGAGGCCGGTAATACGACTCACTATAGGGGTTCAGAGTTCTACAGTCCGACGATCNNNNNNAACACCACTTTTTTTTTTTTTTTTTTTTTTTTV"
"365","LCE508","P11","Single cell","Blood 1","P5",467,"ACGTATCG","PRI-1","ATCACG","CGATTGAGGCCGGTAATACGACTCACTATAGGGGTTCAGAGTTCTACAGTCCGACGATCNNNNNNACGTATCGTTTTTTTTTTTTTTTTTTTTTTTTV"
"366","LCE508","P12","Single cell","Blood 1","P5",468,"ACACTCGA","PRI-1","ATCACG","CGATTGAGGCCGGTAATACGACTCACTATAGGGGTTCAGAGTTCTACAGTCCGACGATCNNNNNNACACTCGATTTTTTTTTTTTTTTTTTTTTTTTV"
"367","LCE508","P13","Single cell","Blood 1","P5",469,"GTACATCG","PRI-1","ATCACG","CGATTGAGGCCGGTAATACGACTCACTATAGGGGTTCAGAGTTCTACAGTCCGACGATCNNNNNNGTACATCGTTTTTTTTTTTTTTTTTTTTTTTTV"
"368","LCE508","P14","Single cell","Blood 1","P5",470,"GCTTGATG","PRI-1","ATCACG","CGATTGAGGCCGGTAATACGACTCACTATAGGGGTTCAGAGTTCTACAGTCCGACGATCNNNNNNGCTTGATGTTTTTTTTTTTTTTTTTTTTTTTTV"
"369","LCE508","P15","Single cell","Blood 1","P5",471,"TCGAGACT","PRI-1","ATCACG","CGATTGAGGCCGGTAATACGACTCACTATAGGGGTTCAGAGTTCTACAGTCCGACGATCNNNNNNTCGAGACTTTTTTTTTTTTTTTTTTTTTTTTTV"
"370","LCE508","P16","Single cell","Blood 1","P5",472,"CTGGTATG","PRI-1","ATCACG","CGATTGAGGCCGGTAATACGACTCACTATAGGGGTTCAGAGTTCTACAGTCCGACGATCNNNNNNCTGGTATGTTTTTTTTTTTTTTTTTTTTTTTTV"
"371","LCE508","P17","Single cell","Blood 1","P5",473,"GTCACGTA","PRI-1","ATCACG","CGATTGAGGCCGGTAATACGACTCACTATAGGGGTTCAGAGTTCTACAGTCCGACGATCNNNNNNGTCACGTATTTTTTTTTTTTTTTTTTTTTTTTV"
"372","LCE508","P18","Single cell","Blood 1","P5",474,"ACGTGTGT","PRI-1","ATCACG","CGATTGAGGCCGGTAATACGACTCACTATAGGGGTTCAGAGTTCTACAGTCCGACGATCNNNNNNACGTGTGTTTTTTTTTTTTTTTTTTTTTTTTTV"
"373","LCE508","P19","Single cell","Blood 1","P5",475,"TCAGCGTA","PRI-1","ATCACG","CGATTGAGGCCGGTAATACGACTCACTATAGGGGTTCAGAGTTCTACAGTCCGACGATCNNNNNNTCAGCGTATTTTTTTTTTTTTTTTTTTTTTTTV"
"374","LCE508","P20","Single cell","Blood 1","P5",476,"AGAAGAGG","PRI-1","ATCACG","CGATTGAGGCCGGTAATACGACTCACTATAGGGGTTCAGAGTTCTACAGTCCGACGATCNNNNNNAGAAGAGGTTTTTTTTTTTTTTTTTTTTTTTTV"
"375","LCE508","P21","Single cell","Blood 1","P5",457,"ATGAGCTC","PRI-1","ATCACG","CGATTGAGGCCGGTAATACGACTCACTATAGGGGTTCAGAGTTCTACAGTCCGACGATCNNNNNNATGAGCTCTTTTTTTTTTTTTTTTTTTTTTTTV"
"376","LCE508","P22","Single cell","Blood 1","P5",478,"ACGACTCA","PRI-1","ATCACG","CGATTGAGGCCGGTAATACGACTCACTATAGGGGTTCAGAGTTCTACAGTCCGACGATCNNNNNNACGACTCATTTTTTTTTTTTTTTTTTTTTTTTV"
